,product_number,product,product_link
0,575619123,"Crest Toothpaste, Whitening Baking Soda and Peroxide, 5.7 oz, 3 Pack",https://www.walmart.com/ip/Crest-Toothpaste-Whitening-Baking-Soda-and-Peroxide-5-7-oz-3-Pack/381181459
1,555992731,"Colgate MaxFresh Whitening Toothpaste with Mini Breath Strips, Cool Mint, 6 Oz, 3 Ct",https://www.walmart.com/ip/Colgate-MaxFresh-Whitening-Toothpaste-with-Mini-Breath-Strips-Cool-Mint-6-Oz-3-Ct/49081565
2,572624509,"Crest Plus Scope Outlast Complete Whitening Toothpaste, 5.4 oz 3 Pack",https://www.walmart.com/ip/Crest-Plus-Scope-Outlast-Complete-Whitening-Toothpaste-5-4-oz-3-Pack/569223950
3,575454494,"Crest 3D White Whitening Toothpaste, Icy Clean Mint, 3.5 oz, 2 Pack",https://www.walmart.com/ip/Crest-3D-White-Whitening-Toothpaste-Icy-Clean-Mint-3-5-oz-2-Pack/633442710
4,297394,"Sensodyne Pronamel Gentle Whitening Enamel Toothpaste for Sensitive Teeth, Alpine Breeze - 4 Ounces (Pack of 2)",https://www.walmart.com/ip/Sensodyne-Pronamel-Gentle-Whitening-Enamel-Toothpaste-for-Sensitive-Teeth-Alpine-Breeze-4-Ounces-Pack-of-2/17248395?wpa_bd=&wpa_pg_seller_id=F55CDC31AB754BB68FE0B39041159D63&wpa_ref_id=wpaqs:368JWqowM5h5JofuiEVmiu-usFOjjH3Mx_Uc38PklapIYPgQAsp6jmUmkwzZFwGZ9YYJoTUwhNTE3zkULQJUAznRfKb3NIvcGPGLbVQv4zXmmYmanGqpa4YMaDjPX381-Dt-ZsMMv9yfxzxWaCm4O-c1h40droJaOO0fgpXIBJlLcon32S46haI-a_Rs86apail5LZiBk-vFifZxE05rXh4Gkdwzc4ys40jdGRLUuUjO-62ARzEW8pJh63fofWxJ&wpa_tag=&wpa_aux_info=&wpa_pos=1&wpa_plmt=1145x1145_T-C-IG_TI_1-6_HL-INGRID-GRID-NY&wpa_aduid=1afe5015-52ef-469e-a441-5ce7dab3af67&wpa_pg=search&wpa_pg_id=toothpaste&wpa_st=toothpaste&wpa_tax=1085632_9267270_7332448_8262175&wpa_bucket=__bkt__
5,242463,Sensodyne Extra Whitening Sensitive Teeth Whitening Toothpaste - 4 Ounces (Pack of 2),https://www.walmart.com/ip/Sensodyne-Extra-Whitening-Sensitive-Teeth-Whitening-Toothpaste-4-Ounces-Pack-of-2/16940601?wpa_bd=&wpa_pg_seller_id=F55CDC31AB754BB68FE0B39041159D63&wpa_ref_id=wpaqs:fSnNK-fAZ-OQxBwFJlWWgAnFn5e4kpUHv7XO9mmLlrNIYPgQAsp6jmUmkwzZFwGZ9YYJoTUwhNTE3zkULQJUAznRfKb3NIvcGPGLbVQv4zXmmYmanGqpa4YMaDjPX381-Dt-ZsMMv9yfxzxWaCm4O38msfqLOO_KKA3_RJLhQjVLcon32S46haI-a_Rs86apail5LZiBk-vFifZxE05rXh4Gkdwzc4ys40jdGRLUuUjO-62ARzEW8pJh63fofWxJ&wpa_tag=&wpa_aux_info=&wpa_pos=2&wpa_plmt=1145x1145_T-C-IG_TI_1-6_HL-INGRID-GRID-NY&wpa_aduid=1afe5015-52ef-469e-a441-5ce7dab3af67&wpa_pg=search&wpa_pg_id=toothpaste&wpa_st=toothpaste&wpa_tax=1085632_9267270_7332448_8262175&wpa_bucket=__bkt__
6,579516137,"Colgate Triple Action Fluoride Toothpaste, Teeth Whitening and Cavity Protection, Mint, 6 Oz, 3 Ct",https://www.walmart.com/ip/Colgate-Triple-Action-Fluoride-Toothpaste-Teeth-Whitening-and-Cavity-Protection-Mint-6-Oz-3-Ct/393255736
7,571836049,"Crest Pro Health Smooth Formula Toothpaste, Clean Mint, 4.6 oz, 3 Pk",https://www.walmart.com/ip/Crest-Pro-Health-Smooth-Formula-Toothpaste-Clean-Mint-4-6-oz-3-Pk/908197301
8,577581112,"Crest 3D White Whitening Toothpaste, Glamorous White, 4.1 oz, 2 Pack",https://www.walmart.com/ip/Crest-3D-White-Whitening-Toothpaste-Glamorous-White-4-1-oz-2-Pack/523066801
9,571836023,"Crest Plus Scope Complete Whitening Toothpaste, 5.4 oz, 3 Pack",https://www.walmart.com/ip/Crest-Plus-Scope-Complete-Whitening-Toothpaste-5-4-oz-3-Pack/547748539
10,573359728,"Colgate MaxFresh KnockOut Whitening Toothpaste with Mini Breath Strips, Mint Fusion, 6 Oz, 3 Ct",https://www.walmart.com/ip/Colgate-MaxFresh-KnockOut-Whitening-Toothpaste-with-Mini-Breath-Strips-Mint-Fusion-6-Oz-3-Ct/689397126
11,570658828,"Crest 3D White Brilliance Toothpaste, Peppermint, 4.1 oz, 3 Pack",https://www.walmart.com/ip/Crest-3D-White-Brilliance-Toothpaste-Peppermint-4-1-oz-3-Pack/438390992?wpa_bd=&wpa_pg_seller_id=F55CDC31AB754BB68FE0B39041159D63&wpa_ref_id=wpaqs:AB8vRLpbrLELehsGZKdH2E1BIgu_G5Pt_wc2-0AI9sZe5FCq0mKjekxeIj-i--K5gQSJ6odAn4kKNkJmVifRINwo8tOXakuB3JDHuefoAeZ_vr9XgPrhzuaUbfRkqZ1fQpXDDpoD0u9xh95taBA1ROSFQrabKVjTl3qEkJMT44W5gRV-UDYNIg2yRf2oBUlgUPv5bBLdMD43WUfhnSn4zJV1py9NU7IWIWQphG_eF3iBkssVa3ZHT7yThMcy7eKQ&wpa_tag=&wpa_aux_info=&wpa_pos=13&wpa_plmt=1145x1145_T-C-IG_TI_1-6_HL-INGRID-GRID-NY&wpa_aduid=1afe5015-52ef-469e-a441-5ce7dab3af67&wpa_pg=search&wpa_pg_id=toothpaste&wpa_st=toothpaste&wpa_tax=1085632_9267270_7332448_8262175&wpa_bucket=__bkt__
12,563607624,Sensodyne Fresh Mint Sensitive Toothpaste - 4 Ounces (Pack of 2),https://www.walmart.com/ip/Crest-3D-White-Whitening-Toothpaste-Arctic-Fresh-4-1-oz-Pack-of-3/267980256?athcpid=267980256&athpgid=athenaItemPage&athcgid=null&athznid=PWVUB&athieid=v0&athstid=CS055&athguid=d328de16-007-1786af9e0e3c9d&athancid=null&athena=true
13,556738487,"ARM & HAMMER Peroxicare Toothpaste, TWIN PACK (Contains Two 6oz Tubes) – Clean Mint- Fluoride Toothpaste",https://www.walmart.com/ip/ARM-HAMMER-Peroxicare-Toothpaste-TWIN-PACK-Contains-Two-6oz-Tubes-Clean-Mint-Fluoride-Toothpaste/143048753
14,571836050,"Crest Pro Health Whitening Power Toothpaste, 4.6 oz, 3 Pack",https://www.walmart.com/ip/Crest-Pro-Health-Whitening-Power-Toothpaste-4-6-oz-3-Pack/744678379
15,568294816,"Crest Pro Health Advanced Deep Clean Toothpaste, Mint, 5.1 oz, 3 Pack",https://www.walmart.com/ip/Crest-Pro-Health-Advanced-Deep-Clean-Toothpaste-Mint-5-1-oz-3-Pack/845641496
16,791482107,"(2 pack) Equate Maximum Strength Sensitive Extra Whitening Toothpaste with Fluoride, 4 oz",https://www.walmart.com/ip/2-pack-Equate-Maximum-Strength-Sensitive-Extra-Whitening-Toothpaste-with-Fluoride-4-oz/791482107
17,572752835,"Colgate Total Whitening Toothpaste with Fluoride, Multi Benefit Toothpaste with Sensitivity Relief, 4.8 Oz, 3 Ct",https://www.walmart.com/ip/Colgate-Total-Whitening-Toothpaste-with-Fluoride-Multi-Benefit-Toothpaste-with-Sensitivity-Relief-4-8-Oz-3-Ct/784892394
18,552604316,"Sensodyne Pronamel Fresh Breath Enamel Toothpaste for Sensitive Teeth, Fresh Wave - 4 Ounces (Pack of 2)",https://www.walmart.com/ip/Sensodyne-Pronamel-Fresh-Breath-Enamel-Toothpaste-for-Sensitive-Teeth-Fresh-Wave-4-Ounces-Pack-of-2/38773089
19,578555767,"Crest Pro Health Sensitive, Enamel Shield Toothpaste, 4.6 oz, 2 Pack",https://www.walmart.com/ip/Crest-Pro-Health-Sensitive-Enamel-Shield-Toothpaste-4-6-oz-2-Pack/107637420
20,287893,"Sensodyne Pronamel Daily Protection Enamel Toothpaste for Sensitive Teeth, Mint Essence - 4 Ounces",https://www.walmart.com/ip/Sensodyne-Pronamel-Daily-Protection-Enamel-Toothpaste-for-Sensitive-Teeth-Mint-Essence-4-Ounces/10316819?wpa_bd=&wpa_pg_seller_id=F55CDC31AB754BB68FE0B39041159D63&wpa_ref_id=wpaqs:K3VVFDczzR0q5scSQ0_KwIH7HcRqZ092pjVwsj8m2TIeuWPUz0h2CuZcv6qa90HAgQSJ6odAn4kKNkJmVifRINwo8tOXakuB3JDHuefoAeZ_vr9XgPrhzuaUbfRkqZ1fQpXDDpoD0u9xh95taBA1RGvg7AUzOxl72w2E0GYFzq35fb76ANRQOQxm3spYiFE4GESbrtWMn5Q8VDgesLYA-tcNenMrrFsqCzN6q4JJ2dNGBdN3StCOLFkFJAn0odVq&wpa_tag=&wpa_aux_info=&wpa_pos=31&wpa_plmt=1145x1145_T-C-IG_TI_1-6_HL-INGRID-GRID-NY&wpa_aduid=8ca39408-1e99-458c-84fe-64250d66d165&wpa_pg=search&wpa_pg_id=toothpaste&wpa_st=toothpaste&wpa_tax=1085632_9267270_7332448_8262175&wpa_bucket=__bkt__
21,577475058,"Sensodyne Sensitivity & Gum Mint Toothpaste, , Gingivitis, Cavity Prevention and Sensitive Teeth Treatment 3.4 Ounces",https://www.walmart.com/ip/Sensodyne-Sensitivity-Gum-Mint-Toothpaste-Gingivitis-Cavity-Prevention-and-Sensitive-Teeth-Treatment-3-4-Ounces/192688117
22,578430662,"Colgate Optic White Renewal Whitening Toothpaste, Enamel Strength, 3 oz",https://www.walmart.com/ip/Colgate-Optic-White-Renewal-Whitening-Toothpaste-Enamel-Strength-3-oz/377394868
23,564454554,"Tom's Antiplaque & Whitening Fluoride-Free Peppermint Toothpaste, 5.5oz, 2 Pack",https://www.walmart.com/ip/Tom-s-Antiplaque-Whitening-Fluoride-Free-Peppermint-Toothpaste-5-5oz-2-Pack/47826722
24,556379693,Parodontax Teeth Whitening Toothpaste for Bleeding Gums - 3.4 Ounces,https://www.walmart.com/ip/Parodontax-Teeth-Whitening-Toothpaste-for-Bleeding-Gums-3-4-Ounces/143583812
25,578192212,"Colgate Optic White Advanced Teeth Whitening Toothpaste, Icy Fresh, 3.2 Oz, 2 Ct",https://www.walmart.com/ip/Colgate-Optic-White-Advanced-Teeth-Whitening-Toothpaste-Icy-Fresh-3-2-Oz-2-Ct/783389026
26,572752796,"Colgate Total Toothpaste for Fresh Breath with Fluoride, Multi Benefit Toothpaste, Fresh Mint Stripe Gel, 4.8 Oz, 2 Ct",https://www.walmart.com/ip/Colgate-Total-Toothpaste-for-Fresh-Breath-with-Fluoride-Multi-Benefit-Toothpaste-Fresh-Mint-Stripe-Gel-4-8-Oz-2-Ct/661431001
27,587776538,"Crest Pro Health Gum Detoxify Toothpaste, Deep Clean, 4.1 oz",https://www.walmart.com/ip/Crest-Pro-Health-Gum-Detoxify-Toothpaste-Deep-Clean-4-1-oz/510336166
28,554961506,Pepsodent Complete Care Original Toothpaste 5.5oz,https://www.walmart.com/ip/Pepsodent-Complete-Care-Original-Toothpaste-5-5oz/191756851
29,554891194,"Colgate Baking Soda and Peroxide Whitening Toothpaste, Frosty Mint Stripe - 6 Ounce",https://www.walmart.com/ip/Colgate-Baking-Soda-and-Peroxide-Whitening-Toothpaste-Frosty-Mint-Stripe-6-Ounce/49714958
30,578555718,"Parodontax Gingivitis Toothpaste for Bleeding Gums, Extra Fresh - 3.4 Ounces",https://www.walmart.com/ip/Parodontax-Gingivitis-Toothpaste-for-Bleeding-Gums-Extra-Fresh-3-4-Ounces/125185675
31,290714,"Sensodyne Pronamel Gentle Whitening Enamel Toothpaste for Sensitive Teeth, Alpine Breeze - 4 Ounces",https://www.walmart.com/ip/Sensodyne-Pronamel-Gentle-Whitening-Enamel-Toothpaste-for-Sensitive-Teeth-Alpine-Breeze-4-Ounces/12167268
32,579486213,"Crest Cavity Protection Toothpaste, Regular Paste, 5.7 oz, Pack of 4",https://www.walmart.com/ip/Crest-Cavity-Protection-Toothpaste-Regular-Paste-5-7-oz-Pack-of-4/185445172
33,578430703,"Colgate Optic White Renewal Whitening Toothpaste, Lasting Fresh, 3 oz",https://www.walmart.com/ip/Colgate-Optic-White-Renewal-Whitening-Toothpaste-Lasting-Fresh-3-oz/854022279
34,587782407,"Crest Gum and Enamel Repair Toothpaste, Intensive Clean, 4.1 oz",https://www.walmart.com/ip/Crest-Gum-and-Enamel-Repair-Toothpaste-Intensive-Clean-4-1-oz/318769264
35,564239972,"Colgate Sensitive Toothpaste, Whitening - Fresh Mint Gel Formula (6 ounce, Pack of 2)",https://www.walmart.com/ip/Colgate-Sensitive-Toothpaste-Whitening-Fresh-Mint-Gel-Formula-6-ounce-Pack-of-2/32176877
36,577475053,Parodontax Complete Protection Teeth Whitening Toothpaste for Bleeding Gums,https://www.walmart.com/ip/Parodontax-Complete-Protection-Teeth-Whitening-Toothpaste-for-Bleeding-Gums-3-4-Ounce/980278348
37,566070127,"Hello Activated Charcoal Epic Whitening Fluoride Free Toothpaste, Fresh Mint + Coconut Oil, Vegan & SLS Free",https://www.walmart.com/ip/Hello-Activated-Charcoal-Epic-Whitening-Fluoride-Free-Toothpaste-Fresh-Mint-Coconut-Oil-Vegan-SLS-Free/529826900
38,572579525,"Parodontax Complete Protection Gingivitis Toothpaste for Bleeding Gums, Pure Fresh Mint - 3.4 Ounces",https://www.walmart.com/ip/Parodontax-Complete-Protection-Gingivitis-Toothpaste-for-Bleeding-Gums-Pure-Fresh-Mint-3-4-Ounces/810980013
39,571836073,"Crest Gum Detoxify Deep Clean Toothpaste, 4.1 oz, 2 Pack",https://www.walmart.com/ip/Crest-Gum-Detoxify-Deep-Clean-Toothpaste-4-1-oz-2-Pack/959192244
40,274675,"Aquafresh Kids Pump Cavity Protection Bubble Mint Fluoride Toothpaste for Cavity Protection, 4.6 Ounce",https://www.walmart.com/ip/Aquafresh-Kids-Pump-Cavity-Protection-Bubble-Mint-Fluoride-Toothpaste-for-Cavity-Protection-4-6-Ounce/10453056
41,578359056,"Colgate Optic White Advanced Teeth Whitening Toothpaste, Icy Fresh, 3.2 Oz, 3 Ct",https://www.walmart.com/ip/Colgate-Optic-White-Advanced-Teeth-Whitening-Toothpaste-Icy-Fresh-3-2-Oz-3-Ct/817418454
42,566115653,"Crest Pro Health Advanced Gum Protection Toothpaste, 5.1 oz, 2 Pack",https://www.walmart.com/ip/Crest-Pro-Health-Advanced-Gum-Protection-Toothpaste-5-1-oz-2-Pack/361263130
43,297465,"Tom's of Maine Natural Antiplaque & Whitening Fluoride-Free Peppermint Toothpaste, 5.5oz",https://www.walmart.com/ip/Tom-s-of-Maine-Natural-Antiplaque-Whitening-Fluoride-Free-Peppermint-Toothpaste-5-5oz/16627500
44,578422109,"Colgate Optic White Renewal Whitening Toothpaste, High Impact White, 3 oz, 2 Pack",https://www.walmart.com/ip/Colgate-Optic-White-Renewal-Whitening-Toothpaste-High-Impact-White-3-oz-2-Pack/319825180
45,581518027,"Sensodyne Pronamel Intensive Enamel Repair Toothpaste for Sensitive Teeth, Clean Mint - 3.4 Ounces",https://www.walmart.com/ip/Sensodyne-Pronamel-Intensive-Enamel-Repair-Toothpaste-for-Sensitive-Teeth-Clean-Mint-3-4-Ounces/314214598
46,575238461,"Crest 3D White Whitening Toothpaste, Radiant Mint, 4.1 oz, 3 Pack",https://www.walmart.com/ip/Crest-3D-White-Whitening-Toothpaste-Radiant-Mint-4-1-oz-3-Pack/313948787
47,555138528,"ARM & HAMMER Sensitive Teeth & Gums Toothpaste, Refreshing Mint- Fluoride Toothpaste",https://www.walmart.com/ip/ARM-HAMMER-Sensitive-Teeth-Gums-Toothpaste-Refreshing-Mint-Fluoride-Toothpaste/20850557?wpa_bd=&wpa_pg_seller_id=F55CDC31AB754BB68FE0B39041159D63&wpa_ref_id=wpaqs:34ezvBYcHpXGeJty-2HBY4gxh-Jc1doa20ngtkigABhIYPgQAsp6jmUmkwzZFwGZ9YYJoTUwhNTE3zkULQJUA6LvgL4wgn-hTNmCIsGZVxfCUXEnegKB4m2_puODwidIDnEqhCvdeYW9KEKssDElJITruP70CE5wdHzzq7adz15A2FgC9zKkdyrUvdUjpTiW4t1OCtD9WKsGqRyfP49k9w&wpa_tag=&wpa_aux_info=&wpa_pos=36&wpa_plmt=1145x1145_T-C-IG_TI_1-6_HL-INGRID-GRID-NY&wpa_aduid=bab0b09c-c341-40cf-850c-990e7fe4bc69&wpa_pg=search&wpa_pg_id=toothpaste&wpa_st=toothpaste&wpa_tax=1085632_9267270_7332448_8262175&wpa_bucket=__bkt__
48,564544230,Sensodyne Repair and Protect Teeth Whitening Sensitive Toothpaste - 3.4 Ounces (Pack of 2),https://www.walmart.com/ip/Sensodyne-Repair-and-Protect-Teeth-Whitening-Sensitive-Toothpaste-3-4-Ounces-Pack-of-2/289197571
49,239501,"Crest Plus Complete Whitening Fluoride Toothpaste, Cinnamon, 6.0 oz",https://www.walmart.com/ip/Crest-Plus-Complete-Whitening-Fluoride-Toothpaste-Cinnamon-6-0-oz/11027565
50,564544232,"Sensodyne Complete Protection Sensitive Toothpaste, Extra Fresh - 3.4 Ounces (Pack of 2)",https://www.walmart.com/ip/Sensodyne-Complete-Protection-Sensitive-Toothpaste-Extra-Fresh-3-4-Ounces-Pack-of-2/569749765?wpa_bd=&wpa_pg_seller_id=F55CDC31AB754BB68FE0B39041159D63&wpa_ref_id=wpaqs:1PARl9FV3SmPRUQJ8LEsbV2lrwnNHavJAkYsQFOw8TtIYPgQAsp6jmUmkwzZFwGZ9YYJoTUwhNTE3zkULQJUA74D1eCIYkGfYdIQH_ZQ727E0RTb0gJ-DxobMW2Eskt3FR1pIJzx8NKRXUdcALlb8aqOPfhsCI0vN6a54m6Cfy3TXuDAX8nfsBBYrvqy1cNclNjY_3WoYkVJIUxhnI3EXQ&wpa_tag=&wpa_aux_info=&wpa_pos=39&wpa_plmt=1145x1145_T-C-IG_TI_1-6_HL-INGRID-GRID-NY&wpa_aduid=bab0b09c-c341-40cf-850c-990e7fe4bc69&wpa_pg=search&wpa_pg_id=toothpaste&wpa_st=toothpaste&wpa_tax=1085632_9267270_7332448_8262175&wpa_bucket=__bkt__
51,287893,"Sensodyne Pronamel Daily Protection Enamel Toothpaste for Sensitive Teeth, Mint Essence - 4 Ounces",https://www.walmart.com/ip/Sensodyne-Pronamel-Daily-Protection-Enamel-Toothpaste-for-Sensitive-Teeth-Mint-Essence-4-Ounces/10316819?wpa_bd=&wpa_pg_seller_id=F55CDC31AB754BB68FE0B39041159D63&wpa_ref_id=wpaqs:K3VVFDczzR0q5scSQ0_KwIH7HcRqZ092pjVwsj8m2TIeuWPUz0h2CuZcv6qa90HAgQSJ6odAn4kKNkJmVifRINwo8tOXakuB3JDHuefoAeZ_vr9XgPrhzuaUbfRkqZ1fQpXDDpoD0u9xh95taBA1RGvg7AUzOxl72w2E0GYFzq35fb76ANRQOQxm3spYiFE4GESbrtWMn5Q8VDgesLYA-kkicaBFs8OXJBkSYAodKCZGBdN3StCOLFkFJAn0odVq&wpa_tag=&wpa_aux_info=&wpa_pos=1&wpa_plmt=1145x1145_T-C-IG_TI_1-6_HL-INGRID-GRID-NY&wpa_aduid=f3da1f47-52fb-43eb-8edb-7577e7d9ffaf&wpa_pg=search&wpa_pg_id=toothpaste&wpa_st=toothpaste&wpa_tax=1085632_9267270_7332448_8262175&wpa_bucket=__bkt__
52,277972,"Aquafresh Extreme Clean Whitening Action Fluoride Toothpaste for Cavity Protection, Mint Blast, 5.6 Ounce",https://www.walmart.com/ip/Aquafresh-Extreme-Clean-Whitening-Action-Fluoride-Toothpaste-for-Cavity-Protection-Mint-Blast-5-6-Ounce/10321543
53,551964593,"Sensodyne Pronamel Multi-Action Enamel Toothpaste for Sensitive Teeth, Cleansing Mint - 4 Ounces",https://www.walmart.com/ip/Sensodyne-Pronamel-Multi-Action-Enamel-Toothpaste-for-Sensitive-Teeth-Cleansing-Mint-4-Ounces/34458819
54,554845890,"Hello Kids Fluoride Free Natural Watermelon Flavor Toothpaste, Vegan & SLS Free",https://www.walmart.com/ip/Hello-Kids-Fluoride-Free-Natural-Watermelon-Flavor-Toothpaste-Vegan-SLS-Free/49527315
55,554783082,"Tom's of Maine Rapid Relief Sensitive Fluoride-Free Natural Toothpaste, Fresh Mint, 4.0 oz",https://www.walmart.com/ip/Tom-s-of-Maine-Rapid-Relief-Sensitive-Fluoride-Free-Natural-Toothpaste-Fresh-Mint-4-0-oz/47826717
56,578454652,"Colgate Optic White Advanced Teeth Whitening Toothpaste, Sparkling White, 3.2 Oz, 2 Ct",https://www.walmart.com/ip/Colgate-Optic-White-Advanced-Teeth-Whitening-Toothpaste-Sparkling-White-3-2-Oz-2-Ct/944806911
57,557503009,"Colgate Max Fresh Travel Size Toothpaste with Mini Breath Strips, Cool Mint - 1.0 Ounce",https://www.walmart.com/ip/Colgate-Max-Fresh-Travel-Size-Toothpaste-with-Mini-Breath-Strips-Cool-Mint-1-0-Ounce/10311739
58,575186550,"Parodontax Gingivitis Toothpaste for Bleeding Gums, Clean Mint - 3.4 Ounces (Pack of 3)",https://www.walmart.com/ip/Parodontax-Gingivitis-Toothpaste-for-Bleeding-Gums-Clean-Mint-3-4-Ounces-Pack-of-3/786345153?wpa_bd=&wpa_pg_seller_id=F55CDC31AB754BB68FE0B39041159D63&wpa_ref_id=wpaqs:CmrZo9rlRjxybtAgBuYlJMKJxNzLKRg5e742VS-vgNLXE537oSY8OqhekOJkjaePgQSJ6odAn4kKNkJmVifRIECYekca9mhynzsV96BZ4zLPWa3b5gIQYvj-TWDlECH9S3KJ99kuOoWiPmv0bPOmqWopeS2YgZPrxYn2cRNOa15Ry3l3zxQCM_-g1MruLRKWzvutgEcxFvKSYet36H1sSQ&wpa_tag=&wpa_aux_info=&wpa_pos=15&wpa_plmt=1145x1145_T-C-IG_TI_1-6_HL-INGRID-GRID-NY&wpa_aduid=f3da1f47-52fb-43eb-8edb-7577e7d9ffaf&wpa_pg=search&wpa_pg_id=toothpaste&wpa_st=toothpaste&wpa_tax=1085632_9267270_7332448_8262175&wpa_bucket=__bkt__
59,556379697,Sensodyne Deep Clean Sensitive Toothpaste - 4 Ounces,https://www.walmart.com/ip/Sensodyne-Deep-Clean-Sensitive-Toothpaste-4-Ounces/124810189
60,554784921,"Sensodyne True White Sensitive Teeth Whitening Toothpaste, Mint - 3 Ounces",https://www.walmart.com/ip/Sensodyne-True-White-Sensitive-Teeth-Whitening-Toothpaste-Mint-3-Ounces/47932060
61,575453678,"Crest 3D White Brilliance Two Step Toothpaste, 4.0 oz and 2.3 oz",https://www.walmart.com/ip/Crest-3D-White-Brilliance-Two-Step-Toothpaste-4-0-oz-and-2-3-oz/45103551
62,208352,Sensodyne Extra Whitening Sensitive Teeth Whitening Toothpaste - 4 Ounces,https://www.walmart.com/ip/Sensodyne-Extra-Whitening-Sensitive-Teeth-Whitening-Toothpaste-4-Ounces/3392
63,570462562,"Sensodyne Rapid Relief Sensitive Toothpaste, Mint - 3.4 Ounces",https://www.walmart.com/ip/Sensodyne-Rapid-Relief-Sensitive-Toothpaste-Mint-3-4-Ounces/696892178
64,587776539,"Crest 3D White Therapy Fluoride Toothpaste, Charcoal, Mint, 4.1 oz",https://www.walmart.com/ip/Crest-3D-White-Therapy-Fluoride-Toothpaste-Charcoal-Mint-4-1-oz/532794165
65,552602235,"Sensodyne Complete Protection Sensitive Toothpaste, Extra Fresh - 3.4 Ounces",https://www.walmart.com/ip/Sensodyne-Complete-Protection-Sensitive-Toothpaste-Extra-Fresh-3-4-Ounces/38587646
66,554779195,Tom's of Maine Silly Strawberry Fluoride-Free Natural Toothpaste 4.2 oz Paste,https://www.walmart.com/ip/Tom-s-of-Maine-Silly-Strawberry-Fluoride-Free-Natural-Toothpaste-4-2-oz-Paste/26965411
67,297488,"Tom's of Maine Simply White Natural Toothpaste, Clean Mint, 4.7 oz",https://www.walmart.com/ip/Tom-s-of-Maine-Simply-White-Natural-Toothpaste-Clean-Mint-4-7-oz/16627498
68,566183860,"Sensodyne Pronamel Daily Protection Enamel Toothpaste for Sensitive Teeth, Mint Essence - 4 Ounces (Pack of 2)",https://www.walmart.com/ip/Sensodyne-Pronamel-Daily-Protection-Enamel-Toothpaste-for-Sensitive-Teeth-Mint-Essence-4-Ounces-Pack-of-2/461865283
69,556753618,"Crest Pro Health Whitening Fluoride Gel Toothpaste, 4.6 oz",https://www.walmart.com/ip/Crest-Pro-Health-Whitening-Fluoride-Gel-Toothpaste-4-6-oz/130236716
70,551964501,Orajel PAW Patrol Anticavity Fluoride Toothpaste- Bubble Berry Flavor- Kids Toothpaste 4.2oz Tube,https://www.walmart.com/ip/Orajel-PAW-Patrol-Anticavity-Fluoride-Toothpaste-Bubble-Berry-Flavor-Kids-Toothpaste-4-2oz-Tube/34788353
71,200915,"Close-Up Anticavity Fluoride Freshening Gel Toothpaste with Mouthwash, 8.0 OZ",https://www.walmart.com/ip/Close-Up-Anticavity-Fluoride-Freshening-Gel-Toothpaste-with-Mouthwash-8-0-OZ/10291053
72,554897320,"Equate Maximum Strength Sensitive Extra Whitening Toothpaste with Fluoride, 4 oz",https://www.walmart.com/ip/Equate-Maximum-Strength-Sensitive-Extra-Whitening-Toothpaste-with-Fluoride-4-oz/49943235
73,572026271,"Hello Naturally Healthy Whitening Fluoride Toothpaste, Tea Tree + Coconut Oil, Vegan & SLS Free",https://www.walmart.com/ip/Hello-Naturally-Healthy-Whitening-Fluoride-Toothpaste-Tea-Tree-Coconut-Oil-Vegan-SLS-Free/231730593
74,577118171,"Equate Beauty Antiplaque & Whitening Toothpaste, Peppermint, 5.5 Oz Tube",https://www.walmart.com/ip/Equate-Beauty-Antiplaque-Whitening-Toothpaste-Peppermint-5-5-Oz-Tube/463221476
75,570462560,"Sensodyne Rapid Relief Sensitive Toothpaste, Extra Fresh- 3.4 Ounces",https://www.walmart.com/ip/Sensodyne-Rapid-Relief-Sensitive-Toothpaste-Extra-Fresh-3-4-Ounces/532178213?wpa_bd=&wpa_pg_seller_id=F55CDC31AB754BB68FE0B39041159D63&wpa_ref_id=wpaqs:c8MnQKQWMUggsJxEObezqV56U2tvoYxm8Run6kjrcQildL6qCzRD1sHN5Oq9FyQlgQSJ6odAn4kKNkJmVifRIEdMeMY-yv2qdPuitbWUP6gUcfSPEYRr_42vPLxX8kfXS3KJ99kuOoWiPmv0bPOmqWopeS2YgZPrxYn2cRNOa15Ry3l3zxQCM_-g1MruLRKWzvutgEcxFvKSYet36H1sSQ&wpa_tag=&wpa_aux_info=&wpa_pos=38&wpa_plmt=1145x1145_T-C-IG_TI_1-6_HL-INGRID-GRID-NY&wpa_aduid=f3da1f47-52fb-43eb-8edb-7577e7d9ffaf&wpa_pg=search&wpa_pg_id=toothpaste&wpa_st=toothpaste&wpa_tax=1085632_9267270_7332448_8262175&wpa_bucket=__bkt__
76,277694,Sensodyne Full Protection Teeth Whitening Sensitive Toothpaste - 4 Ounces,https://www.walmart.com/ip/Sensodyne-Full-Protection-Teeth-Whitening-Sensitive-Toothpaste-4-Ounces/10316813?wpa_bd=&wpa_pg_seller_id=F55CDC31AB754BB68FE0B39041159D63&wpa_ref_id=wpaqs:DletXb2G94DOt9tgstwJeVG5wmxcQh6SPG9WSFIuui6bOMUedwKb2Pd3XgJcLhgAgQSJ6odAn4kKNkJmVifRICEcn3t8A_7XwOAYfK3qgkXSrNwUzKqtYeBZjhflkJv6FR1pIJzx8NKRXUdcALlb8aqOPfhsCI0vN6a54m6Cfy2Mz5gixSbjNhuLJY4CQnCrlNjY_3WoYkVJIUxhnI3EXQ&wpa_tag=&wpa_aux_info=&wpa_pos=39&wpa_plmt=1145x1145_T-C-IG_TI_1-6_HL-INGRID-GRID-NY&wpa_aduid=f3da1f47-52fb-43eb-8edb-7577e7d9ffaf&wpa_pg=search&wpa_pg_id=toothpaste&wpa_st=toothpaste&wpa_tax=1085632_9267270_7332448_8262175&wpa_bucket=__bkt__
77,583068544,Sensodyne Pronamel Intensive Enamel Repair Whitening Arctic Breeze Toothpaste 3.4 Oz,https://www.walmart.com/ip/Sensodyne-Pronamel-Intensive-Enamel-Repair-Whitening-Arctic-Breeze-Toothpaste-3-4-Oz/529154260
78,578431127,"Colgate Optic White Renewal Whitening Toothpaste, Enamel Strength, 3 oz, 2 Pack",https://www.walmart.com/ip/Colgate-Optic-White-Renewal-Whitening-Toothpaste-Enamel-Strength-3-oz-2-Pack/971003290
79,587782408,"Crest Pro Health Gum and Sensitivity Sensitive Toothpaste, 4.1 oz",https://www.walmart.com/ip/Crest-Pro-Health-Gum-and-Sensitivity-Sensitive-Toothpaste-4-1-oz/756904117
80,566115661,"Crest Pro Health Advanced Deep Clean Mint Toothpaste, 5.1 oz, 2 Pack",https://www.walmart.com/ip/Crest-Pro-Health-Advanced-Deep-Clean-Mint-Toothpaste-5-1-oz-2-Pack/715478462
81,564424167,"Tom's of Maine Children's Silly Strawberry Anticavity Natural Toothpaste, 4.2oz",https://www.walmart.com/ip/Tom-s-of-Maine-Children-s-Silly-Strawberry-Anticavity-Natural-Toothpaste-4-2oz/16680121
82,572752839,"Colgate Total Whitening Toothpaste Gel with Fluoride, Multi Benefit Toothpaste with Sensitivity Relief, 4.8 Oz, 3 Ct",https://www.walmart.com/ip/Colgate-Total-Whitening-Toothpaste-Gel-with-Fluoride-Multi-Benefit-Toothpaste-with-Sensitivity-Relief-4-8-Oz-3-Ct/212386629
83,554895136,"CloSYS Fluoride Toothpaste, 3.4 Ounce, Gentle Mint, Whitening, Sulfate Free, Travel Size, TSA Compliant (1C-34-24F)",https://www.walmart.com/ip/CloSYS-Fluoride-Toothpaste-3-4-Ounce-Gentle-Mint-Whitening-Sulfate-Free-Travel-Size-TSA-Compliant-1C-34-24F/49913789
84,585365423,"Crest Pro Health Gum Detoxify Charcoal Toothpaste, Soft Mint, 4.1 oz",https://www.walmart.com/ip/Crest-Pro-Health-Gum-Detoxify-Charcoal-Toothpaste-Soft-Mint-4-1-oz/989896111
85,575569338,"Crest Cavity Protection Toothpaste, Whitening Baking Soda, 5.7 oz",https://www.walmart.com/ip/Crest-Cavity-Protection-Toothpaste-Whitening-Baking-Soda-5-7-oz/271887387
86,566628557,"Crest Pro Health Smooth Formula Toothpaste, Clean Mint Paste, 4.6 oz",https://www.walmart.com/ip/Crest-Pro-Health-Smooth-Formula-Toothpaste-Clean-Mint-Paste-4-6-oz/191694930
87,555042086,"Crest Kids Disney Princess Toothpaste, Cavity Protection, 4.2 oz",https://www.walmart.com/ip/Crest-Kids-Disney-Princess-Toothpaste-Cavity-Protection-4-2-oz/10321237
88,587777703,"Crest 3D Whitening Therapy Charcoal Toothpaste, Tea Tree Oil, 4.1 oz",https://www.walmart.com/ip/Crest-3D-Whitening-Therapy-Charcoal-Toothpaste-Tea-Tree-Oil-4-1-oz/218501712
89,578555769,"Crest 3D White Whitening Therapy Fluoride Toothpaste, Enamel, 4.1 oz",https://www.walmart.com/ip/Crest-3D-White-Whitening-Therapy-Fluoride-Toothpaste-Enamel-4-1-oz/183868527
90,586388467,"Parodontax Active Gum Repair Toothpaste, Gum Toothpaste, Fresh Mint - 3.4 Ounces",https://www.walmart.com/ip/Parodontax-Active-Gum-Repair-Toothpaste-Gum-Toothpaste-Fresh-Mint-3-4-Ounces/372683675
91,553289357,"Colgate Kids Toothpaste Pump, Maximum Cavity Protection, 4.4 ounces",https://www.walmart.com/ip/Colgate-Kids-Toothpaste-Pump-Maximum-Cavity-Protection-4-4-ounces/42386791
92,573335954,"Crest Kid's Cavity Protection Toothpaste, Sparkle Fun, 2.2 oz",https://www.walmart.com/ip/Crest-Kid-s-Cavity-Protection-Toothpaste-Sparkle-Fun-2-2-oz/312197383
93,556453572,"Colgate MaxFresh Whitening Toothpaste with Mini Breath Strips, Clean Mint, 6 Oz, 3 Ct",https://www.walmart.com/ip/Colgate-MaxFresh-Whitening-Toothpaste-with-Mini-Breath-Strips-Clean-Mint-6-Oz-3-Ct/106328128
94,586286879,Sensodyne Pronamel Mineral Boost Whitening Action Enamel Toothpaste for Sensitive Teeth - 4 Ounces,https://www.walmart.com/ip/Sensodyne-Pronamel-Mineral-Boost-Whitening-Action-Enamel-Toothpaste-for-Sensitive-Teeth-4-Ounces/721854106
95,238133,"Colgate 2-in-1 Kids Toothpaste & Anticavity Mouthwash, Watermelon Burst, 4.6 ounces",https://www.walmart.com/ip/Colgate-2-in-1-Kids-Toothpaste-Anticavity-Mouthwash-Watermelon-Burst-4-6-ounces/10311745
96,586163992,"Crest 3D White Brilliance Blast Teeth Whitening Toothpaste, 3.9 oz",https://www.walmart.com/ip/Crest-3D-White-Brilliance-Blast-Teeth-Whitening-Toothpaste-3-9-oz/832859152
97,553596950,"Colgate Sensitive Toothpaste, Complete Protection, Mint - 6 ounce",https://www.walmart.com/ip/Colgate-Sensitive-Toothpaste-Complete-Protection-Mint-6-ounce/15610479
98,556911768,"Crest Pro Health Advanced Sensitive, Enamel Shield Toothpaste, 5.1 oz",https://www.walmart.com/ip/Crest-Pro-Health-Advanced-Sensitive-Enamel-Shield-Toothpaste-5-1-oz/196813554
99,587677470,"Colgate Renewal Gum Toothpaste, Enamel Fortify, Clean Mint Gel Formula, 3 oz",https://www.walmart.com/ip/Colgate-Renewal-Gum-Toothpaste-Enamel-Fortify-Clean-Mint-Gel-Formula-3-oz/797332969
100,583292167,Dr. Bronner's All-One Organic Spearmint Toothpaste 5oz,https://www.walmart.com/ip/Dr-Bronner-s-All-One-Organic-Spearmint-Toothpaste-5oz/146547989
101,586873698,"Sensodyne Pronamel Mineral Boost Enamel Toothpaste for Sensitive Teeth, Peppermint - 4 Ounces",https://www.walmart.com/ip/Sensodyne-Pronamel-Mineral-Boost-Enamel-Toothpaste-for-Sensitive-Teeth-Peppermint-4-Ounces/950216727
102,563802646,"Crest Cavity Protection Toothpaste, Regular, 0.85 oz",https://www.walmart.com/ip/Crest-Cavity-Protection-Toothpaste-Regular-0-85-oz/10311616
103,577581114,"Crest 3D White, Whitening Toothpaste Glamorous White, 4.1 oz",https://www.walmart.com/ip/Crest-3D-White-Whitening-Toothpaste-Glamorous-White-4-1-oz/949010620
104,575569336,"Crest Cavity Protection Toothpaste Gel, Cool Mint, 5.7 oz",https://www.walmart.com/ip/Crest-Cavity-Protection-Toothpaste-Gel-Cool-Mint-5-7-oz/772894314
105,278157,"Aquafresh Maximum Strength Sensitive Toothpaste for Sensitivity and Cavity Protection, Smooth Mint, 5.6 Ounces",https://www.walmart.com/ip/Aquafresh-Maximum-Strength-Sensitive-Toothpaste-for-Sensitivity-and-Cavity-Protection-Smooth-Mint-5-6-Ounces/895353
106,566625996,"Crest Pro Health Advanced Deep Clean Mint Toothpaste, 5.1 oz",https://www.walmart.com/ip/Crest-Pro-Health-Advanced-Deep-Clean-Mint-Toothpaste-5-1-oz/196878437
107,566087374,"Crest Kids Disney Junior Mickey Mouse Toothpaste, Cavity Protection, 4.2 oz",https://www.walmart.com/ip/Crest-Kids-Disney-Junior-Mickey-Mouse-Toothpaste-Cavity-Protection-4-2-oz/277577931
108,587677884,"Colgate Optic White Teeth Whitening Charcoal Toothpaste, Cool Mint - 4.2 Ounce",https://www.walmart.com/ip/Colgate-Optic-White-Teeth-Whitening-Charcoal-Toothpaste-Cool-Mint-4-2-Ounce/142210058
109,577581154,"Crest Kids Marvel's Spiderman Toothpaste Pump, Strawberry, 4.2 oz",https://www.walmart.com/ip/Crest-Kids-Marvel-s-Spiderman-Toothpaste-Pump-Strawberry-4-2-oz/120573958
110,556795078,Biotene Gentle Formula Gentle Mint Toothpaste 4.3 Oz Box,https://www.walmart.com/ip/Biotene-Gentle-Formula-Gentle-Mint-Toothpaste-4-3-Oz-Box/120895154
111,565489067,"Biotene Fresh Mint Original Gentle Formula Fluoride Toothpaste, 4.3 Ounces",https://www.walmart.com/ip/Biotene-Fresh-Mint-Original-Gentle-Formula-Fluoride-Toothpaste-4-3-Ounces/10448045?athcpid=10448045&athpgid=athenaItemPage&athcgid=null&athznid=PWVUB&athieid=v0&athstid=CS055&athguid=c6d5f143-007-1785abb5369b81&athancid=null&athena=true
112,242604,"Biotene Oralbalance Moisturizing Gel Flavor-Free, Alcohol-Free, for Dry Mouth, 1.5 Ounce",https://www.walmart.com/ip/Biotene-Oralbalance-Moisturizing-Gel-Flavor-Free-Alcohol-Free-for-Dry-Mouth-1-5-Ounce/17248145?athcpid=17248145&athpgid=athenaItemPage&athcgid=null&athznid=PWVUB&athieid=v0&athstid=CS055&athguid=4796afc7-007-1785abb9bb72f9&athancid=null&athena=true
113,573360446,Colgate Optic White Stain Fighter Clean Mint Toothpaste - 6 ounce,https://www.walmart.com/ip/Colgate-Optic-White-Stain-Fighter-Clean-Mint-Toothpaste-6-ounce/256787623
114,571815720,"Crest Kid's Toothpaste Pump, Pixar Favorites, Strawberry, 4.2 oz",https://www.walmart.com/ip/Crest-Kid-s-Toothpaste-Pump-Pixar-Favorites-Strawberry-4-2-oz/996348272
115,575569339,"Crest Tartar Protection Toothpaste Gel, Fresh Mint, 5.7 oz",https://www.walmart.com/ip/Crest-Tartar-Protection-Toothpaste-Gel-Fresh-Mint-5-7-oz/132340684
116,586286878,"Sensodyne Sensitivity & Gum Sensitive Toothpaste, Clean & Fresh - 3.4 Ounces",https://www.walmart.com/ip/Sensodyne-Sensitivity-Gum-Sensitive-Toothpaste-Clean-Fresh-3-4-Ounces/153474040
117,575569338,"Crest Cavity Protection Toothpaste, Whitening Baking Soda, 2.4 oz",https://www.walmart.com/ip/Crest-Cavity-Protection-Toothpaste-Whitening-Baking-Soda-5-7-oz/271887387
118,577581117,"Crest Training Toothpaste, Fluoride Free, Mild Strawberry Gel, 1.6 oz",https://www.walmart.com/ip/Crest-Training-Toothpaste-Fluoride-Free-Mild-Strawberry-Gel-1-6-oz/389793893
119,565164259,"Colgate Sparkling White Whitening Toothpaste, Mint Zing - 6.0 Ounce",https://www.walmart.com/ip/Colgate-Sparkling-White-Whitening-Toothpaste-Mint-Zing-6-0-Ounce/49714961
120,566628568,"Crest Pro Health Advanced Deep Clean Toothpaste, Mint, 3.5 oz",https://www.walmart.com/ip/Crest-Pro-Health-Advanced-Deep-Clean-Toothpaste-Mint-3-5-oz/146656230
121,586295493,"Crest 3D White, Charcoal Whitening Toothpaste, 4.1 oz, Pack of 2",https://www.walmart.com/ip/Crest-3D-White-Charcoal-Whitening-Toothpaste-4-1-oz-Pack-of-2/884553873
122,556379697,Sensodyne Deep Clean Sensitive Toothpaste - 4 Ounces,https://www.walmart.com/ip/Sensodyne-Deep-Clean-Sensitive-Toothpaste-4-Ounces/124810189?athcpid=124810189&athpgid=athenaItemPage&athcgid=null&athznid=PWVUB&athieid=v0&athstid=CS055&athguid=b3d8ef40-007-1785acef168e94&athancid=null&athena=true
123,577231684,"Hello Hemp Seed Oil + Coconut Oil Extra Freshening Fluoride Free Toothpaste, Vegan & SLS Free, 4oz",https://www.walmart.com/ip/Hello-Hemp-Seed-Oil-Coconut-Oil-Extra-Freshening-Fluoride-Free-Toothpaste-Vegan-SLS-Free-4oz/270783666
124,554891219,"Colgate Baking Soda and Peroxide Whitening Toothpaste, Brisk Mint - 6 Ounce",https://www.walmart.com/ip/Colgate-Baking-Soda-and-Peroxide-Whitening-Toothpaste-Brisk-Mint-6-Ounce/128228395
125,573971952,"Colgate Kids Batman Maximum Cavity Protection Pump, 4.4 Ounces",https://www.walmart.com/ip/Colgate-Kids-Batman-Maximum-Cavity-Protection-Pump-4-4-Ounces/724146429
126,575238461,"Crest 3D White Whitening Toothpaste, Radiant Mint, 4.1 oz, 3 Pack",https://www.walmart.com/ip/Crest-3D-White-Whitening-Toothpaste-Radiant-Mint-4-1-oz-3-Pack/313948787?athcpid=313948787&athpgid=athenaItemPage&athcgid=null&athznid=PWVUB&athieid=v0&athstid=CS055&athguid=9130d673-007-1785ad87a1fbcd&athancid=null&athena=true
127,281243942,"Colgate Charcoal Teeth Whitening Toothpaste, 4.6 oz, 2 Ct",https://www.walmart.com/ip/Colgate-Charcoal-Teeth-Whitening-Toothpaste-4-6-oz-2-Ct/281243942
128,572026273,"Hello Activated Charcoal Fluoride Whitening Toothpaste, Fresh Mint + Coconut Oil, Vegan & SLS Free, 4oz",https://www.walmart.com/ip/Hello-Activated-Charcoal-Fluoride-Whitening-Toothpaste-Fresh-Mint-Coconut-Oil-Vegan-SLS-Free-4oz/632875553?athcpid=632875553&athpgid=athenaItemPage&athcgid=null&athznid=PWVUB&athieid=v0&athstid=CS055&athguid=30b82df6-007-1785adb1bfa718&athancid=null&athena=true
129,572026272,"Hello Antiplaque + Whitening Fluoride Free Toothpaste, Tea Tree + Coconut Oil, Vegan & SLS Free",https://www.walmart.com/ip/Hello-Antiplaque-Whitening-Fluoride-Free-Toothpaste-Tea-Tree-Coconut-Oil-Vegan-SLS-Free/799122530?athcpid=799122530&athpgid=athenaItemPage&athcgid=null&athznid=PWVUB&athieid=v0&athstid=CS055&athguid=7921b99e-007-1785adc4970c5c&athancid=null&athena=true
130,568059402,Dr. Bronner's All-One Organic Peppermint Toothpaste 5oz,https://www.walmart.com/ip/Dr-Bronner-s-All-One-Organic-Peppermint-Toothpaste-5oz/104484308?athcpid=104484308&athpgid=athenaItemPage&athcgid=null&athznid=PWVUB&athieid=v0&athstid=CS055&athguid=e346a25d-007-1785adc5c652ba&athancid=null&athena=true
131,568204561,Dr. Bronner's All-One Organic Cinnamon Toothpaste 5oz,https://www.walmart.com/ip/Dr-Bronner-s-All-One-Organic-Cinnamon-Toothpaste-5oz/192732266?athcpid=192732266&athpgid=athenaItemPage&athcgid=null&athznid=PWVUB&athieid=v0&athstid=CS055&athguid=e30cef55-007-1785adce49b0ae&athancid=null&athena=true
132,568286231,Jason PowerSmile Antiplaque & Whitening Paste Powerful Peppermint,https://www.walmart.com/ip/JASON-Powersmile-Whitening-Fluoride-Free-Toothpaste-Powerful-Peppermint-6-oz-Packaging-May-Vary/25524965?athcpid=25524965&athpgid=athenaItemPage&athcgid=null&athznid=PWVUB&athieid=v0&athstid=CS055&athguid=21112801-008-1785addc062c99&athancid=null&athena=true
133,558260338,Jason Powersmile Toothpaste Vanilla Mint 6 oz Paste,https://www.walmart.com/ip/Jason-Powersmile-Toothpaste-Vanilla-Mint-6-oz-Paste/26965484?athcpid=26965484&athpgid=athenaItemPage&athcgid=null&athznid=PWVAV&athieid=v0&athstid=CS020&athguid=b8b53965-007-1785ade42380c4&athancid=null&athena=true
134,551138556,Sensodyne Extra Whitening Sensitive Teeth Whitening Toothpaste - 0.8 Ounces,https://www.walmart.com/ip/Sensodyne-Extra-Whitening-Sensitive-Teeth-Whitening-Toothpaste-0-8-Ounces/11027986
135,553341168,Sensodyne Repair and Protect Teeth Whitening Sensitive Toothpaste - 3.4 Ounces,https://www.walmart.com/ip/Sensodyne-Repair-and-Protect-Teeth-Whitening-Sensitive-Toothpaste-3-4-Ounces/42417998?athcpid=42417998&athpgid=athenaItemPage&athcgid=null&athznid=PWVAV&athieid=v0&athstid=CS020&athguid=14c77e33-007-1786aec66a18e5&athancid=null&athena=true
136,581518210,"Sensodyne Pronamel Intensive Enamel Repair Toothpaste for Sensitive Teeth, Extra Fresh - 3.4 Ounces",https://www.walmart.com/ip/Sensodyne-Pronamel-Intensive-Enamel-Repair-Toothpaste-for-Sensitive-Teeth-Extra-Fresh-3-4-Ounces/398181015?athcpid=398181015&athpgid=athenaItemPage&athcgid=null&athznid=PWVAV&athieid=v0&athstid=CS020&athguid=9d6e83c8-007-1786af08529de8&athancid=null&athena=true
137,572676896,Parodontax Teeth Whitening Toothpaste for Bleeding Gums - 3.4 Ounces (Pack of 2),https://www.walmart.com/ip/Parodontax-Teeth-Whitening-Toothpaste-for-Bleeding-Gums-3-4-Ounces-Pack-of-2/535430200?athcpid=535430200&athpgid=athenaItemPage&athcgid=null&athznid=PWVUB&athieid=v0&athstid=CS055&athguid=2f0a0239-007-1786af26ef8e6b&athancid=null&athena=true
138,593988829,Sensodyne Extra Whitening Sensitive Teeth Whitening Toothpaste - 4 Ounces (Pack of 3),https://www.walmart.com/ip/Sensodyne-Extra-Whitening-Sensitive-Teeth-Whitening-Toothpaste-4-Ounces-Pack-of-3/515036875?athcpid=515036875&athpgid=athenaItemPage&athcgid=null&athznid=PWVUB&athieid=v0&athstid=CS055&athguid=fa2fb847-007-1786af4bc21e57&athancid=null&athena=true
139,250847534,"Burt's Bees Toothpaste, Fluoride Free, Purely White, Zen Peppermint, 4.7 oz, Pack of 3",https://www.walmart.com/ip/Burt-s-Bees-Toothpaste-Fluoride-Free-Purely-White-Zen-Peppermint-4-7-oz-Pack-of-3/250847534
140,581873476,"Crest 3D White Whitening Therapy Charcoal Fluoride Toothpaste, Hemp Seed Oil Mint, 4.1 oz",https://www.walmart.com/ip/Crest-3D-White-Whitening-Therapy-Charcoal-Fluoride-Toothpaste-Hemp-Seed-Oil-Mint-4-1-oz/116904826
141,578343768,"Crest HD Sensitive and Whitening Two-Step Toothpaste, 4.0 oz, 2.3 oz",https://www.walmart.com/ip/Crest-HD-Sensitive-and-Whitening-Two-Step-Toothpaste-4-0-oz-2-3-oz/41737125
142,586295478,"Crest 3D White Brilliance Teeth Whitening Toothpaste, Peppermint, 3.9 oz, 2 pk",https://www.walmart.com/ip/Crest-3D-White-Brilliance-Teeth-Whitening-Toothpaste-Peppermint-3-9-oz-2-pk/780287122?wpa_ref_id=wpaqs:gxhuIdzayQMF0ZEBouJF9Sg6moZuBKND_YAisbiaLJZIYPgQAsp6jmUmkwzZFwGZ9YYJoTUwhNTE3zkULQJUAy-NUdqXbkifbVxY16UrovVGEIWs9RE1bBFaDEoK10u9&wpa_bd=1616551249547&adpgm=wpa&athcpid=780287122&athpgid=athenaItemPage&athcgid=null&athznid=PWVUB&athieid=v0&athstid=CS099&athguid=d328de16-007-1786af9e0e3c9d&athena=true
143,271872,"Sensodyne Pronamel Gentle Whitening Enamel Toothpaste for Sensitive Teeth, Alpine Breeze - 0.8 Ounces",https://www.walmart.com/ip/Sensodyne-Pronamel-Gentle-Whitening-Enamel-Toothpaste-for-Sensitive-Teeth-Alpine-Breeze-0-8-Ounces/15754345
144,556453289,"ACT Kids Fluoride Toothpaste (4.6 Oz, Bubblegum Blowout)",https://www.walmart.com/ip/ACT-Kids-Fluoride-Toothpaste-4-6-Oz-Bubblegum-Blowout/143223764
145,555518220,"Colgate Max Fresh Knockout Toothpaste with Breath Strips, Electric Mint - 6 Oz",https://www.walmart.com/ip/Colgate-Max-Fresh-Knockout-Toothpaste-with-Breath-Strips-Electric-Mint-6-Oz/52504849
146,577007219,"Colgate Optic White Renewal Teeth Whitening Toothpaste, High Impact White, 3 oz",https://www.walmart.com/ip/Colgate-Optic-White-Renewal-Teeth-Whitening-Toothpaste-High-Impact-White-3-oz/417686799?athcpid=417686799&athpgid=athenaItemPage&athcgid=null&athznid=PWTIC&athieid=v0&athstid=CS020&athguid=fb3a98e2-007-1786afec26ced7&athancid=null&athena=true
147,577658733,"Crest 3D White Charcoal Whitening Therapy Toothpaste, Mint, .85 oz",https://www.walmart.com/ip/Crest-3D-White-Charcoal-Whitening-Therapy-Toothpaste-Mint-85-oz/369370149
148,900203640,"(6 pack) Colgate Baking Soda and Peroxide Whitening Toothpaste, Brisk Mint - 6 Ounce, 3 Pack",https://www.walmart.com/ip/6-pack-Colgate-Baking-Soda-and-Peroxide-Whitening-Toothpaste-Brisk-Mint-6-Ounce-3-Pack/900203640?wpa_ref_id=wpaqs:jcbSJNtOwSe_9FFacICYdz32PoPR8WuE9ko_nJ_9elYLplYgcLmFSq1q-5BqecwVgQSJ6odAn4kKNkJmVifRIFXo0lWLGz3w3ADDQRLOpNKswHhT1Iluzds3lTJgUtDE&wpa_bd=1616674299218&adpgm=wpa&athcpid=900203640&athpgid=athenaItemPage&athcgid=null&athznid=PWVUB&athieid=v0&athstid=CS099&athguid=0eabfe0e-007-1786b00eff2932&athena=true
149,572026273,"hello Activated Charcoal Whitening Fluoride Toothpaste, Fresh Mint + Coconut Oil, Vegan & SLS Free",https://www.walmart.com/ip/hello-Activated-Charcoal-Whitening-Fluoride-Toothpaste-Fresh-Mint-Coconut-Oil-Vegan-SLS-Free/632875553?athcpid=632875553&athpgid=athenaItemPage&athcgid=null&athznid=PWVUB&athieid=v0&athstid=CS055&athguid=0eabfe0e-007-1786b00eff2932&athancid=null&athena=true
150,577231686,"Hello Brightening Booster Whitening Toothpaste with Turmeric, Vegan & SLS Free",https://www.walmart.com/ip/Hello-Brightening-Booster-Whitening-Toothpaste-with-Turmeric-Vegan-SLS-Free/423157360
151,554845892,"Hello Kids Blue Raspberry Fluoride Toothpaste, Anticavity + Fluoride, Vegan & SLS Free",https://www.walmart.com/ip/Hello-Kids-Blue-Raspberry-Fluoride-Toothpaste-Anticavity-Fluoride-Vegan-SLS-Free/49527313?athcpid=49527313&athpgid=athenaItemPage&athcgid=null&athznid=PWVUB&athieid=v0&athstid=CS055&athguid=8a56ef7a-007-1786b0447adac9&athancid=null&athena=true
152,564424167,"Tom's of Maine Children's Silly Strawberry Anticavity Natural Toothpaste, 4.2oz",https://www.walmart.com/ip/Tom-s-of-Maine-Children-s-Silly-Strawberry-Anticavity-Natural-Toothpaste-4-2oz/16680121
153,566122107,"Crest Kids Toothpaste, Cavity Protection, Sparkle Fun, 4.6 oz, 3 Pack",https://www.walmart.com/ip/Crest-Kids-Toothpaste-Cavity-Protection-Sparkle-Fun-4-6-oz-3-Pack/207215864?athcpid=207215864&athpgid=athenaItemPage&athcgid=null&athznid=PWVAV&athieid=v0&athstid=CS020&athguid=4777b28c-007-1786b05587d470&athancid=null&athena=true
154,773425675,"Crest Kid's Crest Cavity Protection Toothpaste Gel Formula, Bubblegum, 4.2 Ounce",https://www.walmart.com/ip/Crest-Kid-s-Crest-Cavity-Protection-Toothpaste-Gel-Formula-Bubblegum-4-2-Ounce/773425675
155,586386872,Polident ProPartial Remineralizing Toothpaste - 3.4 Ounces,https://www.walmart.com/ip/Polident-ProPartial-Remineralizing-Toothpaste-3-4-Ounces/585068288
156,572752789,"Colgate Total Whitening Toothpaste with Fluoride, Multi Benefit Toothpaste with Sensitivity Relief, 4.8 Oz, 4 Ct",https://www.walmart.com/ip/Colgate-Total-Whitening-Toothpaste-with-Fluoride-Multi-Benefit-Toothpaste-with-Sensitivity-Relief-4-8-Oz-4-Ct/848546286
157,572928650,"Colgate Total Whitening Gel Toothpaste, 4.8 Ounce (4 Pack)",https://www.walmart.com/ip/Colgate-Total-Whitening-Gel-Toothpaste-4-8-Ounce-4-Pack/700896516?athcpid=700896516&athpgid=athenaItemPage&athcgid=null&athznid=PWVUB&athieid=v0&athstid=CS055&athguid=697071ec-007-1786b09aaf7626&athancid=null&athena=true
158,125840471,Sensodyne® Pronamel® Gentle Whitening Toothpaste Alpine Breeze® 4-6.5 oz. Box,https://www.walmart.com/ip/Sensodyne-Pronamel-Gentle-Whitening-Toothpaste-Alpine-Breeze-4-6-5-oz-Box/125840471
159,916956186,"(2 pack) Arm & Hammer Complete Care Stain Defense Plus Whitening Baking Soda & Peroxide, 6.0 OZ",https://www.walmart.com/ip/2-pack-Arm-Hammer-Complete-Care-Stain-Defense-Plus-Whitening-Baking-Soda-Peroxide-6-0-OZ/916956186
160,554846556,GUM Crayola Anticavity Kids' Toothpaste - 4.2oz,https://www.walmart.com/ip/GUM-Crayola-Anticavity-Kids-Toothpaste-4-2oz/49932571
161,895188014,Crest® Gum Detoxify? Deep Clean Fluoride Toothpaste 4-4.1 oz. Boxes,https://www.walmart.com/ip/Crest-Gum-Detoxify-Deep-Clean-Fluoride-Toothpaste-4-4-1-oz-Boxes/895188014
162,758184251,Crest Pro-Health Sensitivity Toothpaste Whitening Plus Scope - 6 oz,https://www.walmart.com/ip/Crest-Pro-Health-Sensitivity-Toothpaste-Whitening-Plus-Scope-6-oz/758184251
163,554470702,"SmartMouth Activated Oral Rinse Clinical DDS, 16 fl oz",https://www.walmart.com/ip/SmartMouth-Activated-Oral-Rinse-Clinical-DDS-16-fl-oz/48534017?athcpid=48534017&athpgid=athenaItemPage&athcgid=null&athznid=PWVUB&athieid=v0&athstid=CS055&athguid=8aa1cf1c-007-1786b1b451ed5d&athancid=null&athena=true
164,554470559,"SmartMouth The Original Activated Dual-Solution Breath Rinse Fresh Mint, 16 fl oz",https://www.walmart.com/ip/SmartMouth-The-Original-Activated-Dual-Solution-Breath-Rinse-Fresh-Mint-16-fl-oz/48534016?athcpid=48534016&athpgid=athenaItemPage&athcgid=null&athznid=PWVUB&athieid=v0&athstid=CS055&athguid=8317a696-007-1786b1b6c433f8&athancid=null&athena=true
165,554783093,"SmartMouth Dry Mouth Activated Oral Rinse Soothing Mint, 16 fl oz",https://www.walmart.com/ip/SmartMouth-Dry-Mouth-Activated-Oral-Rinse-Soothing-Mint-16-fl-oz/50003620?athcpid=50003620&athpgid=athenaItemPage&athcgid=null&athznid=PWVUB&athieid=v0&athstid=CS055&athguid=fd5df56b-007-1786b231dbfe5c&athancid=null&athena=true
166,574391804,Orajel Jurassic World Anticavity Fluoride Toothpaste- Berry Blast Flavor- Kids Toothpaste 4.2oz Tube,https://www.walmart.com/ip/Orajel-Jurassic-World-Anticavity-Fluoride-Toothpaste-Berry-Blast-Flavor-Kids-Toothpaste-4-2oz-Tube/955314558
167,578410086,"Colgate Zero Vegan Fluoride Toothpaste, Natural Flavor, Peppermint Gel, 4.6 Oz, 1 Ct",https://www.walmart.com/ip/Colgate-Zero-Vegan-Fluoride-Toothpaste-Natural-Flavor-Peppermint-Gel-4-6-Oz-1-Ct/756939580
168,573061818,"Colgate Total Toothpaste, Clean Mint, 4.8 Ounce (4 Pack)",https://www.walmart.com/ip/Colgate-Total-Toothpaste-Clean-Mint-4-8-Ounce-4-Pack/254747556
169,579516161,"Colgate Cavity Protection Toothpaste with Fluoride, Great Regular Flavor, 6 Oz, 3 Ct",https://www.walmart.com/ip/Colgate-Cavity-Protection-Toothpaste-with-Fluoride-Great-Regular-Flavor-6-Oz-3-Ct/580400401?athcpid=580400401&athpgid=athenaItemPage&athcgid=null&athznid=PWVAV&athieid=v0&athstid=CS020&athguid=e6ba7fef-007-1786b2704e7a7d&athancid=null&athena=true
170,578835923,"Colgate Optic White Advanced Teeth Whitening Travel Sized Toothpaste, Sparkling White - 1.45 ounce",https://www.walmart.com/ip/Colgate-Optic-White-Advanced-Teeth-Whitening-Travel-Sized-Toothpaste-Sparkling-White-1-45-ounce/698855327?athcpid=698855327&athpgid=athenaItemPage&athcgid=null&athznid=PWVAV&athieid=v0&athstid=CS020&athguid=5cd77578-007-1786b28b3a5e41&athancid=null&athena=true
171,575991911,"Crest Pro-Health Gum and Sensitivity All Day Protection Sensitive Toothpaste, 4.1 Oz (3 Pack)",https://www.walmart.com/ip/Crest-Pro-Health-Gum-and-Sensitivity-All-Day-Protection-Sensitive-Toothpaste-4-1-Oz-3-Pack/646070769
172,418417886,Colgate Enamel Health Whitening Anticavity Fluoride Toothpaste Clean Mint - 6 OZ,https://www.walmart.com/ip/Colgate-Enamel-Health-Whitening-Anticavity-Fluoride-Toothpaste-Clean-Mint-6-OZ/418417886
173,586356252,"Hello Kids Grape Anticavity Toothpaste with Fluoride with Natural Grape Flavor, Vegan, SLS + Gluten Free",https://www.walmart.com/ip/Hello-Kids-Grape-Anticavity-Toothpaste-with-Fluoride-with-Natural-Grape-Flavor-Vegan-SLS-Gluten-Free/972531668
174,577581118,"Crest Gum & Breath Purify Healthy White Toothpaste, 4.1oz",https://www.walmart.com/ip/Crest-Gum-Breath-Purify-Healthy-White-Toothpaste-4-1oz/929903255
175,551965853,Crest 3D White Radiant Mint Flavor Whitening Toothpaste Twin Pack 11 Oz,https://www.walmart.com/ip/Crest-3D-White-Radiant-Mint-Flavor-Whitening-Toothpaste-Twin-Pack-11-Oz/49913306
176,554896378,"Crest 3D White Whitening Toothpaste, Radiant Mint, 4.8 oz",https://www.walmart.com/ip/Crest-3D-White-Whitening-Toothpaste-Radiant-Mint-4-8-oz/49463632
177,171739292,"TheraNeem Neem Therape Toothpaste, Mint | Supports Healthy Teeth, Gums & a Fresh Mouth | No Fluoride & Vegan | 4.23 oz",https://www.walmart.com/ip/TheraNeem-Neem-Therape-Toothpaste-Mint-Supports-Healthy-Teeth-Gums-a-Fresh-Mouth-No-Fluoride-Vegan-4-23-oz/171739292
178,565668470,"Natural Dentist Cavity Zapper Fluoride Toothpaste, Not Yucky Grape, 5 Oz Tube",https://www.walmart.com/ip/Natural-Dentist-Cavity-Zapper-Fluoride-Toothpaste-Not-Yucky-Grape-5-Oz-Tube/26968875
179,568429315,"CloSYS Fluoride Free Toothpaste, 3.4 Ounce, Travel Size, Gentle Mint, TSA Compliant, Sulfate Free",https://www.walmart.com/ip/CloSYS-Fluoride-Free-Toothpaste-3-4-Ounce-Travel-Size-Gentle-Mint-TSA-Compliant-Sulfate-Free/182203681
180,127642847,Whitening Toothpaste Cinnnamon Clove By My Magic Mud - 4 Ounces,https://www.walmart.com/ip/Whitening-Toothpaste-Cinnnamon-Clove-By-My-Magic-Mud-4-Ounces/127642847
181,980387277,Colgate Enamel Health Sensitivity Relief Anticavity Toothpaste Fresh Mint Gel - 6 OZ,https://www.walmart.com/ip/Colgate-Enamel-Health-Sensitivity-Relief-Anticavity-Toothpaste-Fresh-Mint-Gel-6-OZ/980387277
182,669953247,"Colgate Sensitive Toothpaste, Prevent & Repair, Gentle Mint Paste Formula, 6 Oz, 3 Ct",https://www.walmart.com/ip/Colgate-Sensitive-Toothpaste-Prevent-Repair-Gentle-Mint-Paste-Formula-6-Oz-3-Ct/669953247
183,892325540,(2 Pack) hello sensitivity relief fluoride soothing mint toothpaste,https://www.walmart.com/ip/2-Pack-hello-sensitivity-relief-fluoride-soothing-mint-toothpaste/892325540
184,554765503,Crest Whitening Plus Scope Toothpaste Minty Fresh Striped 2.70 oz,https://www.walmart.com/ip/Crest-Whitening-Plus-Scope-Toothpaste-Minty-Fresh-Striped-2-70-oz/10311989
185,434978532,"Tom's of Maine Wicked Cool! Mild Mint Anticavity Toothpaste, 5.1oz",https://www.walmart.com/ip/Tom-s-of-Maine-Wicked-Cool-Mild-Mint-Anticavity-Toothpaste-5-1oz/434978532
186,128907854,"Himalaya Botanique Fluoride-Free Toothpaste, Neem And Pomegranate, 5.29 Oz",https://www.walmart.com/ip/Himalaya-Botanique-Fluoride-Free-Toothpaste-Neem-And-Pomegranate-5-29-Oz/128907854
187,586265537,"ARM & HAMMER Essentials Whiten & Strengthen Fluoride Toothpaste-One 4.3oz Tube, Fresh Mint- 100% Natural Baking Soda- Fluoride Toothpaste",https://www.walmart.com/ip/ARM-HAMMER-Essentials-Whiten-Strengthen-Fluoride-Toothpaste-One-4-3oz-Tube-Fresh-Mint-100-Natural-Baking-Soda-Fluoride-Toothpaste/533728560
188,217705,"Arm & Hammer Advance White Extreme Whitening Toothpaste, 0.9 oz.",https://www.walmart.com/ip/Arm-Hammer-Advance-White-Extreme-Whitening-Toothpaste-0-9-oz/19407697
189,124235815,Crest Tartar Protection Toothpaste Regular - 5.7 oz,https://www.walmart.com/ip/Crest-Tartar-Protection-Toothpaste-Regular-5-7-oz/124235815
190,578692623,"Tom's of Maine Children's Silly Strawberry Anticavity Toothpaste, 5.1oz",https://www.walmart.com/ip/Tom-s-of-Maine-Children-s-Silly-Strawberry-Anticavity-Toothpaste-5-1oz/471494972
191,572752574,"Colgate Total Toothpaste, Daily Repair, 5.1 Ounce",https://www.walmart.com/ip/Colgate-Total-Toothpaste-Daily-Repair-5-1-Ounce/191716396
192,578657663,"Hello Super Fresh + Whitening Fluoride Toothpaste, Spearmint Flavor, with Hemp Seed Oil + Coconut Oil, Vegan & SLS Free, 4oz",https://www.walmart.com/ip/Hello-Super-Fresh-Whitening-Fluoride-Toothpaste-Spearmint-Flavor-with-Hemp-Seed-Oil-Coconut-Oil-Vegan-SLS-Free-4oz/148714455
193,568286107,"JASON Sea Fresh Strengthening Fluoride-Free Toothpaste, Deep Sea Spearmint, 6 oz. (Packaging May Vary)",https://www.walmart.com/ip/JASON-Sea-Fresh-Strengthening-Fluoride-Free-Toothpaste-Deep-Sea-Spearmint-6-oz-Packaging-May-Vary/26965260
194,569127916,"Sensodyne Rapid Relief Sensitive Toothpaste, Extra Fresh - 3.4 Ounces (Pack of 3)",https://www.walmart.com/ip/Sensodyne-Rapid-Relief-Sensitive-Toothpaste-Extra-Fresh-3-4-Ounces-Pack-of-3/776082173
195,572038622,"Dr. Brite Whitening Charcoal Fluoride-Free Natural Toothpaste, Mint Chip, 5 Oz",https://www.walmart.com/ip/Dr-Brite-Whitening-Charcoal-Fluoride-Free-Natural-Toothpaste-Mint-Chip-5-Oz/460298785
196,576039181,"Crest Gum & Enamel Repair Advanced Whitening Toothpaste, 4.1 Oz (3 Pack)",https://www.walmart.com/ip/Crest-Gum-Enamel-Repair-Advanced-Whitening-Toothpaste-4-1-Oz-3-Pack/980521313
197,553596660,"Colgate Total Advanced Whitening Toothpaste, Paste - 5.8 Ounce",https://www.walmart.com/ip/Colgate-Total-Advanced-Whitening-Toothpaste-Paste-5-8-Ounce/10402645
198,905605513,Elgydium Anti Plaque Toothpaste 100g / 75ml,https://www.walmart.com/ip/Elgydium-Anti-Plaque-Toothpaste-100g-75ml/905605513
199,639932088,Elgydium Whitening Toothpaste 75ml,https://www.walmart.com/ip/Elgydium-Whitening-Toothpaste-75ml/639932088
200,266152828,Elgydium Toothpaste Gel Junior Decay Protection 7/12 Years Old Bubble Aroma 50ml,https://www.walmart.com/ip/Elgydium-Toothpaste-Gel-Junior-Decay-Protection-7-12-Years-Old-Bubble-Aroma-50ml/266152828
201,384924566,Elgydium Kids Toothpaste Gel Decay Protection 2/6 Years Old 50ml,https://www.walmart.com/ip/Elgydium-Kids-Toothpaste-Gel-Decay-Protection-2-6-Years-Old-50ml/384924566
202,116754558,Elgydium Kids Toothpaste Gel Decay Protection 2/6 Years Old 50ml,https://www.walmart.com/ip/Elgydium-Kids-Toothpaste-Gel-Decay-Protection-2-6-Years-Old-50ml/116754558
203,140591294,Elgydium Sensitive Toothpaste Gel 75 Ml,https://www.walmart.com/ip/Elgydium-Sensitive-Toothpaste-Gel-75-Ml/140591294
204,800037296,"Tom's of Maine Children's Orange Mango Anticavity Toothpaste, 5.1oz",https://www.walmart.com/ip/Tom-s-of-Maine-Children-s-Orange-Mango-Anticavity-Toothpaste-5-1oz/800037296
205,576421827,"Burt's Bees Clean & Fresh Fluoride Toothpaste, Mint Medley, 4.7 Oz",https://www.walmart.com/ip/Burt-s-Bees-Clean-Fresh-Fluoride-Toothpaste-Mint-Medley-4-7-Oz/508794430
206,912887305,"Crest 3D White Whitening Therapy Charcoal Deep Clean Fluoride Toothpaste, Invigorating Mint, 4.1 ounce, Pack of 4",https://www.walmart.com/ip/Crest-3D-White-Whitening-Therapy-Charcoal-Deep-Clean-Fluoride-Toothpaste-Invigorating-Mint-4-1-ounce-Pack-of-4/912887305
207,568002314,"Tom's of Maine Luminous White Toothpaste, Clean Mint, 0.75 Oz",https://www.walmart.com/ip/Tom-s-of-Maine-Luminous-White-Toothpaste-Clean-Mint-0-75-Oz/651303362
208,994057436,Essential Oxygen - BR Organic Toothpaste Fresh Mint - 4 oz.,https://www.walmart.com/ip/Essential-Oxygen-BR-Organic-Toothpaste-Fresh-Mint-4-oz/994057436
209,48058842,"Plus White Coffee Drinkers' Toothpaste, 3.5 Oz",https://www.walmart.com/ip/Plus-White-Coffee-Drinkers-Toothpaste-3-5-Oz/48058842
210,554892058,"Crest 3D White Whitening Toothpaste, Radiant Mint, 3.5 oz",https://www.walmart.com/ip/Crest-3D-White-Whitening-Toothpaste-Radiant-Mint-3-5-oz/49463631
211,563430708,"Colgate Optic White Anticavity Fluoride Toothpaste Sparkling Mint, 6.3 OZ",https://www.walmart.com/ip/Colgate-Optic-White-Anticavity-Fluoride-Toothpaste-Sparkling-Mint-6-3-OZ/35764263
212,565800018,Colgate Optic White Stain Fighter Fresh Mint Gel Toothpaste - 4.2 Ounce,https://www.walmart.com/ip/Colgate-Optic-White-Stain-Fighter-Fresh-Mint-Gel-Toothpaste-4-2-Ounce/388376551
213,578536010,"Colgate Optic White Radiant Whitening Toothpaste, Icy Mint, 3 Oz, 1 Ct",https://www.walmart.com/ip/Colgate-Optic-White-Radiant-Whitening-Toothpaste-Icy-Mint-3-Oz-1-Ct/100418089
214,557459632,"Aim Cavity Protection Fluoride Gel Toothpaste with Whitening, 5.5 OZ",https://www.walmart.com/ip/Aim-Cavity-Protection-Fluoride-Gel-Toothpaste-with-Whitening-5-5-OZ/55317031
215,37398585,"Jack N' Jill Natural Toothpaste Organic, Strawberry, 50g (1.76 oz)",https://www.walmart.com/ip/Jack-N-Jill-Natural-Toothpaste-Organic-Strawberry-50g-1-76-oz/37398585
216,567997343,Himalaya Botanique Complete Care Whitening Peppermint Toothpaste 5.29 oz,https://www.walmart.com/ip/Himalaya-Botanique-Complete-Care-Whitening-Peppermint-Toothpaste-5-29-oz/115617447
217,578713377,"hello Kids Natural Wild Strawberry Fluoride Toothpaste, Natural Flavor, Vegan & SLS Free",https://www.walmart.com/ip/hello-Kids-Natural-Wild-Strawberry-Fluoride-Toothpaste-Natural-Flavor-Vegan-SLS-Free/571173636
218,552014592,Colgate Total Whitening Paste Toothpaste Twin Pack - 12 Ounce,https://www.walmart.com/ip/Colgate-Total-Whitening-Paste-Toothpaste-Twin-Pack-12-Ounce/10402639
219,556379694,"Sensodyne Pronamel Strong and Bright Enamel Toothpaste for Sensitive Teeth, Extra Fresh - 3 Ounces",https://www.walmart.com/ip/Sensodyne-Pronamel-Strong-and-Bright-Enamel-Toothpaste-for-Sensitive-Teeth-Extra-Fresh-3-Ounces/178605039
220,565129212,"Sensodyne Pronamel Strong and Bright Enamel Toothpaste for Sensitive Teeth, Mint - 3 Ounces",https://www.walmart.com/ip/Sensodyne-Pronamel-Strong-and-Bright-Enamel-Toothpaste-for-Sensitive-Teeth-Mint-3-Ounces/115798980
221,588062140,"Opalescence Whitening Toothpaste Original Formula - Oral Care, Mint Flavor, Gluten Free - 2 Pack",https://www.walmart.com/ip/Opalescence-Whitening-Toothpaste-Original-Formula-Oral-Care-Mint-Flavor-Gluten-Free-2-Pack/821446202
222,670597476,Radius Organic Toothpaste for Kids - Dragon Fruit 3 oz Gel,https://www.walmart.com/ip/Radius-Organic-Toothpaste-for-Kids-Dragon-Fruit-3-oz-Gel/670597476
223,159861996,Uncle Harry's Fluoride Free Toothpaste - Peppermint (3 oz glass jar),https://www.walmart.com/ip/Uncle-Harry-s-Fluoride-Free-Toothpaste-Peppermint-3-oz-glass-jar/159861996
224,568876262,"Crest Kid's Cavity Protection Fluoride Toothpaste, Strawberry Rush, 4.2 oz",https://www.walmart.com/ip/Crest-Kid-s-Cavity-Protection-Fluoride-Toothpaste-Strawberry-Rush-4-2-oz/246337796
225,577812619,"Burt's Bees Toothpaste, Fluoride Free, Charcoal, Zen Peppermint, 4.7oz",https://www.walmart.com/ip/Burt-s-Bees-Toothpaste-Fluoride-Free-Charcoal-Zen-Peppermint-4-7oz/896008434
226,948408336,Lumineux Oral Essentials Medically Developed Toothpaste Whitening 3 75 oz 99 2 g,https://www.walmart.com/ip/Lumineux-Oral-Essentials-Medically-Developed-Toothpaste-Whitening-3-75-oz-99-2-g/948408336
227,454937260,Lumineux Oral Essentials - Medically Developed Toothpaste Sensitivity - 3.75 oz.,https://www.walmart.com/ip/Lumineux-Oral-Essentials-Medically-Developed-Toothpaste-Sensitivity-3-75-oz/454937260
228,724385401,Lumineux Children's Toothpaste - 3.75 Ounces,https://www.walmart.com/ip/Lumineux-Children-s-Toothpaste-3-75-Ounces/724385401
229,567996307,Himalaya Botanique Complete Care Whitening Mint Toothpaste 5.29 oz,https://www.walmart.com/ip/Himalaya-Botanique-Complete-Care-Whitening-Mint-Toothpaste-5-29-oz/114405574
230,586311242,"ARM & HAMMER Essentials Healthy Teeth & Gums Fluoride Toothpaste-One 4.3oz Tube, Crisp Mint- 100% Natural Baking Soda- Fluoride Toothpaste",https://www.walmart.com/ip/ARM-HAMMER-Essentials-Healthy-Teeth-Gums-Fluoride-Toothpaste-One-4-3oz-Tube-Crisp-Mint-100-Natural-Baking-Soda-Fluoride-Toothpaste/191971109
231,558267459,"Epic Dental Xylitol Toothpaste, Spearmint, 4.9 Oz",https://www.walmart.com/ip/Epic-Dental-Xylitol-Toothpaste-Spearmint-4-9-Oz/26957159
232,572752832,"Colgate Total Whitening Toothpaste, 1.4 oz.",https://www.walmart.com/ip/Colgate-Total-Whitening-Toothpaste-1-4-oz/875138291
233,246124,"Crest Kid's Cavity Protection Toothpaste for Kids (children and toddlers 2+), Sparkle Fun Flavor, 2.7 ounces",https://www.walmart.com/ip/Crest-Kid-s-Cavity-Protection-Toothpaste-for-Kids-children-and-toddlers-2-Sparkle-Fun-Flavor-2-7-ounces/15580436
234,564239992,Colgate Total Clean Mint Toothpaste Twin Pack - 12 ounce,https://www.walmart.com/ip/Colgate-Total-Clean-Mint-Toothpaste-Twin-Pack-12-ounce/10402636
235,39453658,"NOW Solutions, Xyliwhite™ Toothpaste Gel, Platinum Mint, Cleanses and Whitens, Fresh Taste, 6.4-Ounce",https://www.walmart.com/ip/NOW-Solutions-Xyliwhite-Toothpaste-Gel-Platinum-Mint-Cleanses-and-Whitens-Fresh-Taste-6-4-Ounce/39453658
236,600165635,"Colgate Kids Toothpaste with Anticavity Fluoride Featuring Minions, Mild Bubble Fruit Gel - 4.6 ounces (4 Pack)",https://www.walmart.com/ip/Colgate-Kids-Toothpaste-with-Anticavity-Fluoride-Featuring-Minions-Mild-Bubble-Fruit-Gel-4-6-ounces-4-Pack/600165635
237,365646536,Elmex Sensitive Toothpaste 100ml,https://www.walmart.com/ip/Elmex-Sensitive-Toothpaste-100ml/365646536
238,565357426,"Dr. Ginger's Fluoride Free Coconut Oil Pulling & Whitening Toothpaste, 4 Oz.",https://www.walmart.com/ip/Dr-Ginger-s-Fluoride-Free-Coconut-Oil-Pulling-Whitening-Toothpaste-4-Oz/448698367
239,567354123,"Tom's of Maine Antiplaque & Whitening Fluoride-Free Natural Toothpaste, Peppermint, 5.5oz, 2 Pack",https://www.walmart.com/ip/Tom-s-of-Maine-Antiplaque-Whitening-Fluoride-Free-Natural-Toothpaste-Peppermint-5-5oz-2-Pack/166425880
240,750681020,"Colgate Cavity Protection Toothpaste with Fluoride, Great Regular Flavor, 5 pk./8 oz.",https://www.walmart.com/ip/Colgate-Cavity-Protection-Toothpaste-with-Fluoride-Great-Regular-Flavor-5-pk-8-oz/750681020
241,802493085,Activated Charcoal Toothpaste Bamboo Teeth Whitening Fluoride Free Aloe Vera Tea Tree Oil 3.5oz (2 Pack),https://www.walmart.com/ip/Activated-Charcoal-Toothpaste-Bamboo-Teeth-Whitening-Fluoride-Free-Aloe-Vera-Tea-Tree-Oil-3-5oz-2-Pack/802493085
242,571815631,"Crest Kid's Cavity Protection Fluoride Toothpaste, Bubblegum Rush, 4.2 oz",https://www.walmart.com/ip/Crest-Kid-s-Cavity-Protection-Fluoride-Toothpaste-Bubblegum-Rush-4-2-oz/391004320
243,823848825,Radius Organic Toothpaste Gel - Clove Cardamom 3 oz Gel,https://www.walmart.com/ip/Radius-Organic-Toothpaste-Gel-Clove-Cardamom-3-oz-Gel/823848825
244,283278,Colgate Total Whitening Paste Toothpaste - 6 ounce,https://www.walmart.com/ip/Colgate-Total-Whitening-Paste-Toothpaste-6-ounce/10311672
245,556620943,"Crest 3D White Arctic Fresh Whitening Toothpaste, Icy Cool Mint, 6.4 Oz",https://www.walmart.com/ip/Crest-3D-White-Arctic-Fresh-Whitening-Toothpaste-Icy-Cool-Mint-6-4-Oz/48970570
246,44602598,"3 Pack - ARM & HAMMER Advance White Baking Soda Toothpaste, Winter Mint 6 oz",https://www.walmart.com/ip/3-Pack-ARM-HAMMER-Advance-White-Baking-Soda-Toothpaste-Winter-Mint-6-oz/44602598
247,791771645,Kinder Karex Hydroxyapatite Toothpaste for Kids - SLS and Fluoride Free,https://www.walmart.com/ip/Kinder-Karex-Hydroxyapatite-Toothpaste-for-Kids-SLS-and-Fluoride-Free/791771645
248,571616817,Whitening Toothpaste Polish by Uncle Harry's Natural Products (2.5oz Toothpaste),https://www.walmart.com/ip/Whitening-Toothpaste-Polish-by-Uncle-Harry-s-Natural-Products-2-5oz-Toothpaste/571616817
249,566585953,Crest Baking Soda & Peroxide Whitening with Tartar Protection Fresh Mint Flavor Toothpaste 6.4 oz.,https://www.walmart.com/ip/Crest-Baking-Soda-Peroxide-Whitening-with-Tartar-Protection-Fresh-Mint-Flavor-Toothpaste-6-4-oz/10312043
250,386227238,Crest Complete Fluoride Toothpaste Whitening + Deep Clean Effervescent Mint - 5.4 oz,https://www.walmart.com/ip/Crest-Complete-Fluoride-Toothpaste-Whitening-Deep-Clean-Effervescent-Mint-5-4-oz/386227238
251,563124196,Nature's Answer PerioBrite Toothpaste Cool Mint - 4 oz,https://www.walmart.com/ip/Nature-s-Answer-PerioBrite-Toothpaste-Cool-Mint-4-oz/26967552
252,567558170,"Colgate Kids Toothpaste with Anticavity Fluoride, Trolls™, 4.6 ounces (4 Pack)",https://www.walmart.com/ip/Colgate-Kids-Toothpaste-with-Anticavity-Fluoride-Trolls-4-6-ounces-4-Pack/657551779
253,803673811,"Crest Gum Detoxify Toothpaste, Deep Clean (4.1 oz., 4 pk.)",https://www.walmart.com/ip/Crest-Gum-Detoxify-Toothpaste-Deep-Clean-4-1-oz-4-pk/803673811
254,566626097,"Crest Complete Whitening + Scope Minty Fresh Striped Toothpaste, 6.2 oz TWIN",https://www.walmart.com/ip/Crest-Complete-Whitening-Scope-Minty-Fresh-Striped-Toothpaste-6-2-oz-TWIN/10312108
255,55317030,"AIM Tartar Control Plus Mouthwash & Whitening Anticavity Fluoride Toothpaste , 5.5 oz",https://www.walmart.com/ip/AIM-Tartar-Control-Plus-Mouthwash-Whitening-Anticavity-Fluoride-Toothpaste-5-5-oz/55317030
256,391854181,"Dr. Bronner's All-One Toothpaste Peppermint, 1.0 OZ",https://www.walmart.com/ip/Dr-Bronner-s-All-One-Toothpaste-Peppermint-1-0-OZ/391854181
257,151764889,Colgate Anticavity Fluoride Toothpaste Sparkling White Cinnamint with Cinnamon & Natural Mint Flavor Gel - Gluten Free,https://www.walmart.com/ip/Colgate-Anticavity-Fluoride-Toothpaste-Sparkling-White-Cinnamint-with-Cinnamon-Natural-Mint-Flavor-Gel-Gluten-Free/151764889
258,109642706,"Crest Toothpaste Kids Mickey Strawberry, 4.2 Oz",https://www.walmart.com/ip/Email-Diamant-Red-Toothpaste-75-ml/109642706
259,568286111,Jason Natural Products Whitening Toothpaste - Coconut Cream - 4.2 oz,https://www.walmart.com/ip/Jason-Natural-Products-Whitening-Toothpaste-Coconut-Cream-4-2-oz/672587038
260,394526073,"Brilliant Kids Toothpaste Gel by Spry, With Xylitol, Fluoride Free, Safe If Swallowed, Natural, Strawberry Banana",https://www.walmart.com/ip/Brilliant-Kids-Toothpaste-Gel-by-Spry-With-Xylitol-Fluoride-Free-Safe-If-Swallowed-Natural-Strawberry-Banana/394526073
261,830941428,GUM Original White Toothpaste 75ml,https://www.walmart.com/ip/GUM-Original-White-Toothpaste-75ml/830941428
262,199979637,"Squigle, Squigle Enamel Saver Toothpaste 4 oz",https://www.walmart.com/ip/Squigle-Squigle-Enamel-Saver-Toothpaste-4-oz/199979637
