number,message
10311744,"Message: 
"
434547555,"Message: 
"
905772405,"Message: 
"
919200499,"Message: 
"
829275289,"Message: 
"
625222084,"Message: 
"
163765338,"Message: 
"
47932075,"Message: 
"
681964758,"Message: 
"
115643999,"Message: 
"
600165635,"Message: 
"
46068491,"Message: 
"
372388297,"Message: 
"
816787161,"Message: 
"
143223764,"Message: 
"
278467929,"Message: 
"
556396428,"Message: 
"
610104042,"Message: 
"
467822955,"Message: 
"
965311703,"Message: 
"
46008086,"Message: 
"
252673031,"Message: 
"
985905494,"Message: 
"
827952422,"Message: 
"
127469517,"Message: 
"
26965421,"Message: stale element reference: element is not attached to the page document
  (Session info: chrome=80.0.3987.149)
"
10320864,"Message: 
"
44935495,"Message: 
"
811676902,"Message: 
"
16940275,"Message: 
"
724993206,"Message: 
"
535436621,"Message: 
"
154521766,"Message: 
"
405408550,"Message: 
"
118190372,"Message: 
"
248686244,"Message: 
"
46022381,"Message: 
"
46095687,"Message: 
"
534626844,"Message: 
"
453301068,"Message: 
"
49133164,"Message: 
"
371170646,"Message: 
"
582204001,"Message: 
"
991651752,"Message: 
"
316290499,"Message: 
"
982842279,"Message: 
"
588584716,"Message: 
"
381360775,"Message: 
"
196638329,"Message: 
"
615515417,"Message: 
"
105499145,"Message: 
"
897478440,"Message: 
"
171734433,"Message: 
"
45020035,"Message: 
"
572559502,"Message: 
"
116481973,"Message: 
"
582910769,"Message: 
"
421401927,"Message: 
"
751438439,"Message: 
"
727720699,"Message: 
"
111226957,"Message: 
"
896458,"Message: 
"
727794897,"Message: stale element reference: element is not attached to the page document
  (Session info: chrome=80.0.3987.149)
"
139489922,"Message: 
"
605839335,"Message: 
"
51678116,"Message: 
"
817900297,"Message: 
"
407706563,"Message: 
"
850958648,"Message: 
"
352849371,"Message: 
"
925441720,"Message: 
"
46008362,"Message: 
"
743983419,"Message: 
"
692162043,"Message: 
"
281567377,"Message: 
"
250770580,"Message: 
"
887350223,"Message: 
"
361788071,"Message: 
"
614109713,"Message: 
"
467810638,"Message: 
"
51297006,"Message: 
"
405828088,"Message: 
"
659271690,"Message: 
"
967566596,"Message: 
"
883797560,"Message: 
"
965858909,"Message: 
"
420627003,"Message: 
"
42859630,"Message: 
"
181926017,"Message: 
"
159861996,"Message: 
"
778839694,"Message: 
"
279492338,"Message: 
"
399834966,"Message: 
"
259749215,"Message: 
"
834637486,"Message: 
"
822927705,"Message: 
"
229101103,"Message: 
"
50652772,"Message: 
"
167516644,"Message: 
"
839390331,"Message: 
"
438561103,"Message: 
"
49943690,"Message: 
"
775809752,"Message: 
"
765195998,"Message: 
"
48661349,"Message: 
"
746533482,"Message: 
"
783351100,"Message: 
"
48651848,"Message: 
"
969201501,"Message: 
"
37749900,"Message: 
"
779673476,"Message: 
"
515608593,"Message: 
"
45021786,"Message: 
"
52415302,"Message: 
"
959494463,"Message: 
"
48660487,"Message: 
"
253417576,"Message: 
"
271579459,"Message: 
"
342821917,"Message: 
"
346576718,"Message: 
"
839830800,"Message: 
"
601207869,"Message: 
"
821936046,"Message: 
"
244973020,"Message: 
"
871173208,"Message: 
"
48658704,"Message: 
"
428328926,"Message: 
"
162987722,"Message: 
"
173803565,"Message: 
"
399618773,"Message: 
"
333704095,"Message: 
"
646490644,"Message: 
"
597521078,"Message: 
"
52069345,"Message: 
"
610499560,"Message: 
"
299281423,"Message: 
"
48661403,"Message: 
"
942797985,"Message: 
"
44633376,"Message: 
"
188236769,"Message: 
"
48657221,"Message: 
"
51297005,"Message: 
"
159422672,"Message: 
"
639345850,"Message: 
"
158302319,"Message: 
"
157689493,"Message: 
"
643687864,"Message: 
"
716614749,"Message: 
"
850214430,"Message: 
"
835091508,"Message: 
"
985151042,"Message: 
"
413928329,"Message: 
"
26969205,"Message: 
"
48653270,"Message: 
"
735908473,"Message: 
"
944322658,"Message: 
"
884093244,"Message: 
"
787637901,"Message: 
"
842332249,"Message: 
"
10291801,"Message: 
"
285535529,"Message: 
"
657551779,"Message: 
"
173725148,"Message: 
"
566318383,"Message: 
"
38481121,"Message: 
"
758476555,"Message: 
"
558652268,"Message: 
"
342946673,"Message: 
"
114650932,"Message: 
"
44943920,"Message: 
"
48663984,"Message: 
"
396147883,"Message: 
"
169096755,"Message: 
"
748958998,"Message: 
"
241875422,"Message: 
"
244630912,"Message: 
"
186556364,"Message: 
"
307962786,"Message: 
"
851939468,"Message: 
"
496832329,"Message: 
"
48659707,"Message: 
"
109368968,"Message: 
"
52077648,"Message: 
"
137108322,"Message: 
"
602839815,"Message: 
"
45024411,"Message: 
"
161453561,"Message: 
"
182938838,"Message: 
"
314546985,"Message: 
"
787846615,"Message: 
"
457573584,"Message: 
"
118319926,"Message: 
"
915264535,"Message: 
"
169737724,"Message: 
"
48653277,"Message: 
"
542422908,"Message: 
"
284827797,"Message: 
"
308566463,"Message: 
"
905902968,"Message: 
"
810259739,"Message: 
"
323556448,"Message: 
"
650650808,"Message: 
"
640501103,"Message: 
"
477324503,"Message: 
"
394526073,"Message: 
"
495028597,"Message: 
"
111672371,"Message: 
"
44590144,"Message: 
"
144255986,"Message: 
"
653825872,"Message: 
"
360199761,"Message: 
"
44603796,"Message: 
"
925240117,"Message: 
"
935053055,"Message: 
"
48654071,"Message: 
"
740560278,"Message: 
"
339172837,"Message: 
"
300025201,"Message: 
"
429873236,"Message: 
"
325276844,"Message: 
"
50651900,"Message: 
"
48082950,"Message: 
"
307066651,"Message: 
"
508878219,"Message: 
"
133131516,"Message: 
"
368030016,"Message: 
"
474228205,"Message: 
"
985152352,"Message: 
"
44641173,"Message: 
"
36297243,"Message: 
"
174085280,"Message: 
"
905855564,"Message: 
"
569483454,"Message: 
"
897997996,"Message: 
"
416712499,"Message: 
"
543419265,"Message: 
"
355295711,"Message: 
"
789684247,"Message: 
"
26957159,"Message: 
"
158573210,"Message: 
"
694522774,"Message: 
"
44604599,"Message: 
"
511877079,"Message: 
"
44935940,"Message: 
"
514931837,"Message: 
"
51296574,"Message: 
"
516822863,"Message: 
"
623537930,"Message: 
"
616720854,"Message: 
"
268725097,"Message: 
"
818655004,"Message: 
"
608612029,"Message: 
"
437691539,"Message: 
"
230401614,"Message: 
"
228731272,"Message: 
"
45082834,"Message: 
"
44935890,"Message: 
"
511868839,"Message: 
"
358330032,"Message: 
"
139603624,"Message: 
"
204390293,"Message: 
"
46219729,"Message: 
"
407247334,"Message: 
"
339255129,"Message: 
"
374038547,"Message: 
"
202772231,"Message: 
"
48657309,"Message: 
"
542639166,"Message: 
"
832434623,"Message: 
"
543470538,"Message: 
"
165158476,"Message: 
"
246487057,"Message: 
"
157761670,"Message: 
"
44590803,"Message: 
"
198608049,"Message: 
"
177836028,"Message: 
"
480994905,"Message: 
"
775579019,"Message: 
"
733488297,"Message: 
"
194382613,"Message: 
"
731703826,"Message: 
"
745806863,"Message: 
"
995897641,"Message: 
"
149324080,"Message: 
"
209173745,"Message: 
"
525258493,"Message: 
"
48656694,"Message: 
"
100364308,"Message: 
"
187096746,"Message: 
"
553356172,"Message: 
"
814073392,"Message: 
"
44918126,"Message: 
"
790323350,"Message: 
"
161156646,"Message: 
"
46068495,"Message: 
"
713150511,"Message: 
"
218074197,"Message: 
"
910084667,"Message: 
"
557741983,"Message: 
"
120935627,"Message: 
"
136974065,"Message: 
"
998886185,"Message: 
"
164601096,"Message: 
"
46107824,"Message: 
"
52070279,"Message: 
"
893989739,"Message: 
"
367045339,"Message: 
"
45025048,"Message: 
"
48660455,"Message: 
"
217620327,"Message: 
"
926252822,"Message: 
"
374534771,"Message: 
"
743900815,"Message: 
"
934357084,"Message: 
"
358620607,"Message: 
"
468589655,"Message: 
"
833096940,"Message: 
"
307949132,"Message: 
"
49943754,"Message: 
"
45024831,"Message: 
"
127607454,"Message: 
"
976979465,"Message: 
"
44606473,"Message: 
"
44936154,"Message: 
"
926392056,"Message: 
"
44124931,"Message: 
"
346697196,"Message: 
"
44602913,"Message: 
"
575610159,"Message: 
"
55317031,"Message: 
"
12177393,"Message: 
"
600298606,"Message: 
"
46229546,"Message: 
"
785854427,"Message: 
"
799959732,"Message: 
"
48658970,"Message: 
"
942388370,"Message: 
"
471145595,"Message: 
"
538525181,"Message: 
"
28935083,"Message: 
"
45020103,"Message: 
"
456771188,"Message: 
"
52070243,"Message: 
"
957453652,"Message: 
"
131960167,"Message: 
"
44936235,"Message: 
"
48658104,"Message: 
"
849884544,"Message: 
"
171973816,"Message: 
"
52075665,"Message: 
"
44936293,"Message: 
"
158771464,"Message: 
"
51297629,"Message: 
"
